budget_id,cost_center_id,category_id,period,budget_amount,committed_amount,actual_amount,currency
BUD00001,CC001,CAT008,2024-01,294889000.00,138489023.00,146624474.15,IDR
BUD00002,CC001,CAT005,2024-01,110503000.00,48627318.51,32675637.59,IDR
BUD00003,CC001,CAT001,2024-01,722561000.00,472463673.22,483112386.52,IDR
BUD00004,CC001,CAT002,2024-01,218146000.00,80466594.77,51991570.49,IDR
BUD00005,CC002,CAT003,2024-01,100692000.00,78094413.35,69252456.44,IDR
BUD00006,CC002,CAT005,2024-01,750604000.00,640051678.21,502728425.28,IDR
BUD00007,CC002,CAT010,2024-01,448393000.00,216329316.72,164763013.76,IDR
BUD00008,CC002,CAT001,2024-01,281409000.00,175596102.93,137762739.27,IDR
BUD00009,CC003,CAT010,2024-01,323973000.00,145859364.27,81588255.19,IDR
BUD00010,CC003,CAT001,2024-01,867624000.00,695465853.86,607753297.69,IDR
BUD00011,CC003,CAT007,2024-01,858168000.00,772131037.11,723473678.55,IDR
BUD00012,CC003,CAT006,2024-01,279084000.00,90462009.76,89699843.79,IDR
BUD00013,CC004,CAT008,2024-01,204266000.00,133017564.74,121393168.76,IDR
BUD00014,CC004,CAT009,2024-01,467967000.00,166009161.09,120551650.52,IDR
BUD00015,CC004,CAT010,2024-01,333312000.00,234011724.20,247473602.31,IDR
BUD00016,CC004,CAT003,2024-01,330333000.00,236585883.45,162615311.86,IDR
BUD00017,CC005,CAT007,2024-01,124851000.00,56362649.36,32428196.26,IDR
BUD00018,CC005,CAT009,2024-01,706666000.00,578721541.67,599672813.69,IDR
BUD00019,CC005,CAT001,2024-01,50978000.00,41884569.37,33519576.86,IDR
BUD00020,CC005,CAT004,2024-01,96073000.00,58706716.65,53112672.04,IDR
BUD00021,CC006,CAT008,2024-01,276998000.00,104873641.44,72071153.15,IDR
BUD00022,CC006,CAT010,2024-01,798720000.00,471905403.88,244808071.77,IDR
BUD00023,CC006,CAT001,2024-01,585519000.00,456463726.68,438825437.10,IDR
BUD00024,CC006,CAT002,2024-01,314138000.00,96818801.35,74085160.72,IDR
BUD00025,CC007,CAT004,2024-01,600553000.00,235646592.41,260678031.27,IDR
BUD00026,CC007,CAT002,2024-01,298082000.00,215586905.68,166016733.13,IDR
BUD00027,CC007,CAT008,2024-01,460125000.00,268405576.29,213895411.84,IDR
BUD00028,CC007,CAT001,2024-01,172946000.00,71662980.73,63751060.81,IDR
BUD00029,CC008,CAT003,2024-01,721505000.00,396081319.98,438565579.02,IDR
BUD00030,CC008,CAT002,2024-01,481577000.00,381567752.19,260933328.90,IDR
BUD00031,CC008,CAT005,2024-01,303772000.00,198108747.49,227683712.31,IDR
BUD00032,CC008,CAT007,2024-01,466194000.00,181422775.49,154223396.84,IDR
BUD00033,CC009,CAT006,2024-01,842924000.00,692682077.54,787928294.77,IDR
BUD00034,CC009,CAT010,2024-01,252985000.00,134027028.13,141587282.95,IDR
BUD00035,CC009,CAT007,2024-01,399159000.00,195949466.76,158216372.00,IDR
BUD00036,CC009,CAT004,2024-01,826416000.00,436958111.72,499211141.19,IDR
BUD00037,CC010,CAT003,2024-01,476947000.00,311974971.13,332348560.17,IDR
BUD00038,CC010,CAT008,2024-01,793062000.00,447432674.00,376679342.76,IDR
BUD00039,CC010,CAT001,2024-01,438389000.00,321543556.27,246458667.34,IDR
BUD00040,CC010,CAT002,2024-01,606564000.00,238147174.98,191748696.69,IDR
BUD00041,CC011,CAT005,2024-01,118268000.00,58795677.05,55169887.10,IDR
BUD00042,CC011,CAT006,2024-01,503579000.00,439364497.15,398687897.54,IDR
BUD00043,CC011,CAT007,2024-01,804323000.00,476777331.17,406052376.51,IDR
BUD00044,CC011,CAT009,2024-01,574841000.00,253425636.79,239451677.07,IDR
BUD00045,CC012,CAT005,2024-01,881587000.00,666675321.92,638360980.37,IDR
BUD00046,CC012,CAT004,2024-01,135431000.00,54147869.66,37613977.51,IDR
BUD00047,CC012,CAT002,2024-01,74605000.00,36901483.21,19796815.39,IDR
BUD00048,CC012,CAT009,2024-01,354694000.00,198065411.72,130471298.07,IDR
BUD00049,CC001,CAT007,2024-02,117123000.00,96334107.79,86971563.43,IDR
BUD00050,CC001,CAT003,2024-02,254705000.00,215912768.72,128041997.44,IDR
BUD00051,CC001,CAT009,2024-02,441977000.00,199944385.53,133155434.91,IDR
BUD00052,CC001,CAT002,2024-02,57988000.00,45391837.72,49285827.60,IDR
BUD00053,CC002,CAT009,2024-02,853450000.00,761781803.57,529019573.02,IDR
BUD00054,CC002,CAT003,2024-02,867725000.00,619718875.56,493880792.27,IDR
BUD00055,CC002,CAT002,2024-02,306803000.00,276007384.81,291096169.81,IDR
BUD00056,CC002,CAT004,2024-02,140655000.00,74380977.17,54545314.97,IDR
BUD00057,CC003,CAT005,2024-02,609495000.00,283225151.59,245798041.35,IDR
BUD00058,CC003,CAT010,2024-02,632930000.00,472672949.78,251404703.84,IDR
BUD00059,CC003,CAT001,2024-02,565446000.00,338157274.35,367813984.87,IDR
BUD00060,CC003,CAT007,2024-02,293265000.00,228546127.77,204455594.40,IDR
BUD00061,CC004,CAT006,2024-02,263033000.00,198154962.12,197928273.52,IDR
BUD00062,CC004,CAT004,2024-02,628727000.00,240216180.17,135279316.33,IDR
BUD00063,CC004,CAT009,2024-02,583339000.00,188799734.92,191178010.18,IDR
BUD00064,CC004,CAT005,2024-02,78360000.00,40662315.73,23804438.30,IDR
BUD00065,CC005,CAT005,2024-02,220676000.00,170341500.65,182214198.97,IDR
BUD00066,CC005,CAT006,2024-02,360979000.00,216976122.89,146923814.61,IDR
BUD00067,CC005,CAT007,2024-02,189863000.00,161085345.88,179404306.54,IDR
BUD00068,CC005,CAT002,2024-02,872276000.00,416149681.63,443514862.20,IDR
BUD00069,CC006,CAT002,2024-02,691029000.00,300852478.53,282684124.03,IDR
BUD00070,CC006,CAT008,2024-02,623245000.00,335584336.40,352274258.63,IDR
BUD00071,CC006,CAT010,2024-02,523716000.00,185490636.47,140318744.35,IDR
BUD00072,CC006,CAT009,2024-02,274790000.00,102813569.39,76038929.36,IDR
BUD00073,CC007,CAT005,2024-02,623611000.00,363494196.67,328128197.31,IDR
BUD00074,CC007,CAT007,2024-02,851694000.00,423124789.31,379353980.04,IDR
BUD00075,CC007,CAT006,2024-02,600505000.00,409089439.44,327997234.74,IDR
BUD00076,CC007,CAT001,2024-02,645916000.00,445387287.71,256471530.21,IDR
BUD00077,CC008,CAT001,2024-02,148702000.00,65559740.65,55686790.77,IDR
BUD00078,CC008,CAT010,2024-02,380349000.00,198773015.34,222048838.40,IDR
BUD00079,CC008,CAT005,2024-02,642011000.00,400689014.51,353316043.01,IDR
BUD00080,CC008,CAT004,2024-02,667609000.00,554948826.51,513715703.26,IDR
BUD00081,CC009,CAT008,2024-02,636739000.00,274028149.06,216222543.71,IDR
BUD00082,CC009,CAT007,2024-02,250696000.00,129763163.50,147618966.29,IDR
BUD00083,CC009,CAT005,2024-02,362235000.00,304646056.50,280011592.32,IDR
BUD00084,CC009,CAT001,2024-02,101468000.00,47236282.82,53345562.40,IDR
BUD00085,CC010,CAT008,2024-02,593569000.00,523917231.69,279182935.48,IDR
BUD00086,CC010,CAT002,2024-02,333483000.00,297897876.91,301334356.80,IDR
BUD00087,CC010,CAT004,2024-02,224425000.00,179066620.87,154039385.80,IDR
BUD00088,CC010,CAT006,2024-02,548426000.00,432067436.53,281469960.55,IDR
BUD00089,CC011,CAT003,2024-02,886424000.00,791147941.95,673377696.46,IDR
BUD00090,CC011,CAT001,2024-02,728737000.00,266685538.19,283537698.04,IDR
BUD00091,CC011,CAT005,2024-02,162033000.00,83438142.74,84479492.26,IDR
BUD00092,CC011,CAT007,2024-02,550525000.00,170370228.60,114572084.29,IDR
BUD00093,CC012,CAT003,2024-02,104024000.00,59186028.53,43520986.14,IDR
BUD00094,CC012,CAT007,2024-02,554616000.00,316798462.78,204020535.86,IDR
BUD00095,CC012,CAT002,2024-02,572841000.00,421809063.44,460062335.67,IDR
BUD00096,CC012,CAT006,2024-02,610068000.00,293429406.94,269418502.50,IDR
BUD00097,CC001,CAT001,2024-03,391375000.00,278525344.51,228021668.23,IDR
BUD00098,CC001,CAT010,2024-03,823246000.00,283274362.68,156512997.49,IDR
BUD00099,CC001,CAT008,2024-03,567053000.00,192463084.47,130636320.15,IDR
BUD00100,CC001,CAT007,2024-03,588115000.00,369932486.53,263159072.02,IDR
BUD00101,CC002,CAT010,2024-03,479718000.00,267740016.11,271893322.54,IDR
BUD00102,CC002,CAT009,2024-03,147252000.00,102020275.45,109213626.98,IDR
BUD00103,CC002,CAT005,2024-03,518635000.00,424915264.29,331240766.05,IDR
BUD00104,CC002,CAT004,2024-03,804877000.00,441304515.44,457995753.75,IDR
BUD00105,CC003,CAT007,2024-03,412749000.00,288538263.22,214469240.31,IDR
BUD00106,CC003,CAT010,2024-03,179743000.00,153462959.57,83428089.28,IDR
BUD00107,CC003,CAT002,2024-03,757006000.00,269447247.82,151635987.30,IDR
BUD00108,CC003,CAT003,2024-03,677977000.00,533609642.83,459779934.60,IDR
BUD00109,CC004,CAT010,2024-03,153897000.00,78819710.20,73497120.63,IDR
BUD00110,CC004,CAT009,2024-03,687742000.00,564536658.39,546860700.14,IDR
BUD00111,CC004,CAT006,2024-03,873139000.00,576486579.99,420010839.51,IDR
BUD00112,CC004,CAT008,2024-03,541231000.00,231453801.92,214529575.18,IDR
BUD00113,CC005,CAT004,2024-03,522826000.00,192886817.36,131369297.03,IDR
BUD00114,CC005,CAT002,2024-03,242235000.00,135038126.91,116757705.91,IDR
BUD00115,CC005,CAT006,2024-03,702318000.00,472684091.77,443725035.81,IDR
BUD00116,CC005,CAT007,2024-03,523229000.00,348154980.40,322945182.09,IDR
BUD00117,CC006,CAT005,2024-03,647294000.00,314190561.10,226495585.28,IDR
BUD00118,CC006,CAT001,2024-03,55190000.00,45361633.66,39378829.36,IDR
BUD00119,CC006,CAT003,2024-03,390667000.00,150455547.31,137149530.76,IDR
BUD00120,CC006,CAT008,2024-03,76059000.00,56866808.70,36385452.57,IDR
BUD00121,CC007,CAT007,2024-03,364545000.00,267196021.24,268516812.04,IDR
BUD00122,CC007,CAT008,2024-03,532455000.00,186877980.43,99829420.52,IDR
BUD00123,CC007,CAT006,2024-03,183798000.00,123273853.30,115640694.62,IDR
BUD00124,CC007,CAT002,2024-03,281287000.00,196102949.45,159957275.02,IDR
BUD00125,CC008,CAT008,2024-03,691702000.00,254747278.80,198561202.75,IDR
BUD00126,CC008,CAT007,2024-03,290759000.00,205593290.97,167828124.50,IDR
BUD00127,CC008,CAT005,2024-03,617063000.00,201934124.41,152848221.28,IDR
BUD00128,CC008,CAT002,2024-03,559426000.00,170408013.43,118590785.26,IDR
BUD00129,CC009,CAT004,2024-03,328904000.00,100196638.31,98749716.72,IDR
BUD00130,CC009,CAT003,2024-03,199341000.00,105276859.46,100790625.19,IDR
BUD00131,CC009,CAT005,2024-03,475223000.00,380184350.48,389320226.53,IDR
BUD00132,CC009,CAT009,2024-03,111264000.00,90909209.99,47954287.36,IDR
BUD00133,CC010,CAT001,2024-03,316102000.00,176249172.88,134456065.72,IDR
BUD00134,CC010,CAT008,2024-03,594120000.00,281440064.37,214815039.25,IDR
BUD00135,CC010,CAT002,2024-03,871270000.00,351229767.63,391954613.69,IDR
BUD00136,CC010,CAT007,2024-03,441082000.00,314829345.68,231463872.75,IDR
BUD00137,CC011,CAT007,2024-03,550541000.00,338240017.43,256131696.10,IDR
BUD00138,CC011,CAT002,2024-03,313733000.00,158029812.14,113227507.77,IDR
BUD00139,CC011,CAT004,2024-03,192913000.00,116961217.12,67149460.04,IDR
BUD00140,CC011,CAT008,2024-03,483459000.00,407823598.73,296526060.11,IDR
BUD00141,CC012,CAT003,2024-03,267573000.00,108126092.36,64807034.58,IDR
BUD00142,CC012,CAT004,2024-03,695280000.00,240018974.43,268422793.80,IDR
BUD00143,CC012,CAT002,2024-03,583756000.00,337628032.48,292530402.58,IDR
BUD00144,CC012,CAT008,2024-03,542548000.00,384492963.84,412688333.40,IDR
BUD00145,CC001,CAT010,2024-04,423798000.00,246376090.41,224300873.53,IDR
BUD00146,CC001,CAT006,2024-04,726880000.00,475998715.71,346889987.73,IDR
BUD00147,CC001,CAT009,2024-04,113062000.00,65241917.40,34215778.43,IDR
BUD00148,CC001,CAT002,2024-04,363427000.00,171627026.84,157730936.58,IDR
BUD00149,CC002,CAT002,2024-04,543280000.00,474032926.00,464693851.43,IDR
BUD00150,CC002,CAT009,2024-04,84869000.00,71750796.46,62536332.89,IDR
BUD00151,CC002,CAT007,2024-04,210004000.00,139233387.11,114991287.51,IDR
BUD00152,CC002,CAT004,2024-04,864064000.00,492787679.80,506156234.58,IDR
BUD00153,CC003,CAT006,2024-04,260582000.00,146617755.98,115186452.07,IDR
BUD00154,CC003,CAT002,2024-04,494336000.00,195385179.28,145044928.03,IDR
BUD00155,CC003,CAT003,2024-04,290460000.00,158376695.47,114021503.61,IDR
BUD00156,CC003,CAT001,2024-04,558203000.00,431790204.53,397570175.37,IDR
BUD00157,CC004,CAT002,2024-04,626622000.00,294818247.04,286099550.39,IDR
BUD00158,CC004,CAT006,2024-04,608079000.00,513100476.57,547802375.29,IDR
BUD00159,CC004,CAT010,2024-04,333358000.00,216563927.46,128190349.34,IDR
BUD00160,CC004,CAT005,2024-04,347348000.00,305880867.93,291814011.18,IDR
BUD00161,CC005,CAT007,2024-04,525084000.00,360258010.02,257047606.36,IDR
BUD00162,CC005,CAT003,2024-04,158625000.00,114479428.26,127715609.11,IDR
BUD00163,CC005,CAT002,2024-04,897589000.00,760678664.89,426546322.30,IDR
BUD00164,CC005,CAT009,2024-04,619888000.00,375089946.52,191989732.70,IDR
BUD00165,CC006,CAT005,2024-04,855518000.00,506263515.41,327680569.14,IDR
BUD00166,CC006,CAT003,2024-04,166931000.00,57808046.81,60633614.69,IDR
BUD00167,CC006,CAT004,2024-04,135970000.00,103680501.44,108120918.27,IDR
BUD00168,CC006,CAT009,2024-04,801130000.00,258483389.13,185822892.10,IDR
BUD00169,CC007,CAT010,2024-04,187910000.00,150103829.76,150285992.61,IDR
BUD00170,CC007,CAT003,2024-04,737687000.00,294575754.34,231091059.92,IDR
BUD00171,CC007,CAT007,2024-04,399230000.00,281783621.66,184397689.10,IDR
BUD00172,CC007,CAT002,2024-04,427569000.00,201366510.72,198657876.78,IDR
BUD00173,CC008,CAT008,2024-04,870757000.00,671024626.03,729795190.44,IDR
BUD00174,CC008,CAT004,2024-04,214914000.00,151940779.80,132305868.74,IDR
BUD00175,CC008,CAT009,2024-04,424508000.00,323332092.49,325201153.82,IDR
BUD00176,CC008,CAT003,2024-04,477471000.00,263180342.16,159313012.64,IDR
BUD00177,CC009,CAT004,2024-04,595002000.00,490561398.32,422104283.44,IDR
BUD00178,CC009,CAT003,2024-04,137201000.00,110794659.76,116695354.13,IDR
BUD00179,CC009,CAT005,2024-04,292304000.00,221528461.18,150044404.52,IDR
BUD00180,CC009,CAT001,2024-04,819510000.00,318305218.24,249664978.31,IDR
BUD00181,CC010,CAT004,2024-04,402662000.00,216580767.99,160935747.02,IDR
BUD00182,CC010,CAT008,2024-04,378241000.00,131992213.31,85260395.67,IDR
BUD00183,CC010,CAT006,2024-04,320882000.00,115340994.67,111253053.43,IDR
BUD00184,CC010,CAT001,2024-04,334997000.00,129854747.78,68160377.19,IDR
BUD00185,CC011,CAT008,2024-04,573046000.00,483372606.42,247657175.51,IDR
BUD00186,CC011,CAT003,2024-04,233307000.00,90922484.25,101028233.52,IDR
BUD00187,CC011,CAT010,2024-04,567548000.00,314394835.16,315813451.06,IDR
BUD00188,CC011,CAT004,2024-04,251994000.00,94021231.13,61582559.75,IDR
BUD00189,CC012,CAT010,2024-04,761185000.00,456633003.92,387423404.32,IDR
BUD00190,CC012,CAT008,2024-04,587162000.00,378736209.16,366258295.21,IDR
BUD00191,CC012,CAT002,2024-04,297581000.00,89553609.99,65314172.50,IDR
BUD00192,CC012,CAT001,2024-04,535064000.00,220654158.54,206165937.40,IDR
BUD00193,CC001,CAT009,2024-05,512470000.00,395548637.85,328287444.23,IDR
BUD00194,CC001,CAT006,2024-05,67284000.00,55441939.51,29289831.18,IDR
BUD00195,CC001,CAT002,2024-05,378849000.00,198509841.63,195682224.67,IDR
BUD00196,CC001,CAT005,2024-05,353530000.00,120389598.27,79063683.69,IDR
BUD00197,CC002,CAT002,2024-05,349454000.00,175820216.14,161370809.78,IDR
BUD00198,CC002,CAT006,2024-05,755826000.00,537248331.26,611137421.67,IDR
BUD00199,CC002,CAT003,2024-05,456751000.00,186978694.83,109878811.17,IDR
BUD00200,CC002,CAT001,2024-05,658638000.00,570487925.55,298958186.51,IDR
BUD00201,CC003,CAT004,2024-05,318256000.00,154686906.12,117383483.69,IDR
BUD00202,CC003,CAT001,2024-05,743095000.00,433997100.22,227329200.73,IDR
BUD00203,CC003,CAT010,2024-05,599865000.00,282936247.42,300022780.07,IDR
BUD00204,CC003,CAT009,2024-05,90633000.00,62848440.62,42585524.78,IDR
BUD00205,CC004,CAT006,2024-05,423776000.00,370332435.07,266777786.65,IDR
BUD00206,CC004,CAT007,2024-05,208795000.00,149338764.36,110327820.69,IDR
BUD00207,CC004,CAT009,2024-05,727697000.00,334764210.10,185358099.30,IDR
BUD00208,CC004,CAT010,2024-05,410825000.00,229390009.93,263067630.61,IDR
BUD00209,CC005,CAT003,2024-05,137208000.00,68158340.62,47176883.75,IDR
BUD00210,CC005,CAT009,2024-05,429028000.00,313446890.11,190675730.67,IDR
BUD00211,CC005,CAT005,2024-05,427322000.00,242837604.26,236142415.42,IDR
BUD00212,CC005,CAT010,2024-05,824866000.00,551761849.63,431870249.88,IDR
BUD00213,CC006,CAT001,2024-05,486123000.00,364562494.68,220192601.45,IDR
BUD00214,CC006,CAT002,2024-05,76470000.00,61879645.28,58213756.90,IDR
BUD00215,CC006,CAT007,2024-05,422447000.00,158729397.05,103713311.41,IDR
BUD00216,CC006,CAT003,2024-05,598388000.00,309540337.67,345804109.61,IDR
BUD00217,CC007,CAT001,2024-05,366211000.00,277533256.50,242300175.33,IDR
BUD00218,CC007,CAT003,2024-05,500041000.00,269432305.42,248474373.13,IDR
BUD00219,CC007,CAT008,2024-05,262170000.00,96496693.66,94391971.33,IDR
BUD00220,CC007,CAT009,2024-05,474187000.00,252358730.87,218312323.53,IDR
BUD00221,CC008,CAT005,2024-05,896910000.00,422755054.43,463217486.55,IDR
BUD00222,CC008,CAT010,2024-05,467520000.00,174657268.49,184147635.99,IDR
BUD00223,CC008,CAT008,2024-05,434236000.00,364414072.57,287640144.90,IDR
BUD00224,CC008,CAT002,2024-05,124622000.00,88376632.96,92759123.46,IDR
BUD00225,CC009,CAT006,2024-05,510846000.00,426453734.76,449220109.40,IDR
BUD00226,CC009,CAT010,2024-05,655038000.00,560971054.49,513010842.41,IDR
BUD00227,CC009,CAT002,2024-05,724642000.00,438592068.42,253894630.84,IDR
BUD00228,CC009,CAT005,2024-05,220833000.00,84651057.77,85814374.04,IDR
BUD00229,CC010,CAT001,2024-05,733112000.00,462584992.21,415293279.67,IDR
BUD00230,CC010,CAT006,2024-05,123283000.00,59863072.52,68826776.15,IDR
BUD00231,CC010,CAT009,2024-05,661039000.00,406814897.98,406797387.75,IDR
BUD00232,CC010,CAT004,2024-05,749838000.00,258132052.24,292217570.29,IDR
BUD00233,CC011,CAT002,2024-05,489756000.00,184638387.37,191818036.90,IDR
BUD00234,CC011,CAT008,2024-05,518608000.00,338480710.15,338161883.08,IDR
BUD00235,CC011,CAT009,2024-05,159678000.00,96081170.22,102262798.06,IDR
BUD00236,CC011,CAT006,2024-05,756682000.00,462227734.89,322487486.50,IDR
BUD00237,CC012,CAT003,2024-05,855361000.00,522915261.28,358004208.28,IDR
BUD00238,CC012,CAT006,2024-05,117031000.00,48893345.96,54840173.11,IDR
BUD00239,CC012,CAT004,2024-05,283283000.00,191219825.77,171978977.30,IDR
BUD00240,CC012,CAT010,2024-05,129414000.00,88595848.15,78378575.33,IDR
BUD00241,CC001,CAT010,2024-06,580807000.00,488575159.84,351506733.19,IDR
BUD00242,CC001,CAT003,2024-06,835340000.00,271248749.70,287919094.21,IDR
BUD00243,CC001,CAT009,2024-06,119039000.00,103460141.37,103580624.81,IDR
BUD00244,CC001,CAT006,2024-06,274958000.00,117265470.28,102242494.91,IDR
BUD00245,CC002,CAT010,2024-06,513741000.00,351986755.63,245109910.18,IDR
BUD00246,CC002,CAT001,2024-06,258146000.00,202492197.67,154695968.17,IDR
BUD00247,CC002,CAT008,2024-06,435513000.00,310593997.46,187211243.41,IDR
BUD00248,CC002,CAT006,2024-06,403278000.00,233362982.70,168283920.44,IDR
BUD00249,CC003,CAT003,2024-06,889820000.00,451336579.39,342639292.96,IDR
BUD00250,CC003,CAT006,2024-06,696565000.00,424199782.26,241377972.11,IDR
BUD00251,CC003,CAT009,2024-06,255477000.00,95424017.86,75598476.55,IDR
BUD00252,CC003,CAT008,2024-06,169746000.00,56077827.52,62498748.88,IDR
BUD00253,CC004,CAT010,2024-06,816964000.00,643838469.20,712689588.00,IDR
BUD00254,CC004,CAT007,2024-06,662959000.00,274399035.55,165619730.47,IDR
BUD00255,CC004,CAT004,2024-06,896574000.00,520092778.42,557226977.02,IDR
BUD00256,CC004,CAT009,2024-06,472765000.00,167372736.25,126468081.36,IDR
BUD00257,CC005,CAT008,2024-06,349961000.00,115600602.33,94986845.37,IDR
BUD00258,CC005,CAT004,2024-06,799989000.00,554037199.59,446488304.36,IDR
BUD00259,CC005,CAT009,2024-06,506187000.00,409152682.87,319181255.86,IDR
BUD00260,CC005,CAT005,2024-06,800087000.00,589267946.33,587209572.53,IDR
BUD00261,CC006,CAT006,2024-06,534739000.00,222875568.89,191582702.86,IDR
BUD00262,CC006,CAT001,2024-06,112502000.00,67788453.32,67575778.88,IDR
BUD00263,CC006,CAT007,2024-06,287763000.00,257103124.37,242257762.71,IDR
BUD00264,CC006,CAT009,2024-06,150989000.00,133632767.53,101031371.89,IDR
BUD00265,CC007,CAT006,2024-06,172627000.00,114188923.12,86886534.85,IDR
BUD00266,CC007,CAT009,2024-06,84217000.00,27231430.50,26246597.65,IDR
BUD00267,CC007,CAT010,2024-06,733371000.00,448529429.47,267687491.08,IDR
BUD00268,CC007,CAT007,2024-06,809162000.00,310611877.21,343347162.96,IDR
BUD00269,CC008,CAT006,2024-06,678421000.00,325330417.14,233796343.64,IDR
BUD00270,CC008,CAT003,2024-06,754046000.00,467059031.62,448694678.79,IDR
BUD00271,CC008,CAT007,2024-06,304822000.00,240641514.51,177938175.06,IDR
BUD00272,CC008,CAT005,2024-06,622735000.00,552950580.27,486268274.86,IDR
BUD00273,CC009,CAT001,2024-06,715468000.00,547831855.10,479606167.27,IDR
BUD00274,CC009,CAT008,2024-06,663190000.00,431149081.26,263360017.83,IDR
BUD00275,CC009,CAT005,2024-06,584671000.00,392806231.88,411173313.62,IDR
BUD00276,CC009,CAT006,2024-06,175609000.00,124407761.59,64756831.78,IDR
BUD00277,CC010,CAT002,2024-06,316639000.00,123761125.28,117427670.69,IDR
BUD00278,CC010,CAT004,2024-06,398821000.00,305091437.03,335093707.14,IDR
BUD00279,CC010,CAT001,2024-06,791895000.00,587192013.56,317367204.71,IDR
BUD00280,CC010,CAT009,2024-06,167370000.00,71032668.70,50524272.68,IDR
BUD00281,CC011,CAT008,2024-06,863183000.00,497019147.94,420742907.56,IDR
BUD00282,CC011,CAT009,2024-06,514332000.00,362872102.03,386086976.21,IDR
BUD00283,CC011,CAT007,2024-06,628634000.00,491712182.77,330349660.41,IDR
BUD00284,CC011,CAT003,2024-06,461553000.00,403583068.34,274983001.45,IDR
BUD00285,CC012,CAT005,2024-06,295654000.00,125465705.50,120226554.84,IDR
BUD00286,CC012,CAT004,2024-06,319485000.00,162707929.27,180102260.08,IDR
BUD00287,CC012,CAT010,2024-06,726095000.00,336962190.09,195174622.67,IDR
BUD00288,CC012,CAT007,2024-06,625129000.00,329953407.85,375191455.11,IDR
BUD00289,CC001,CAT006,2024-07,294486000.00,214528566.71,155562447.71,IDR
BUD00290,CC001,CAT003,2024-07,426020000.00,193356157.46,156889480.25,IDR
BUD00291,CC001,CAT005,2024-07,221758000.00,138187777.92,152900016.67,IDR
BUD00292,CC001,CAT001,2024-07,641746000.00,245380421.79,220889019.65,IDR
BUD00293,CC002,CAT010,2024-07,619359000.00,383150895.62,350454320.34,IDR
BUD00294,CC002,CAT004,2024-07,94617000.00,51848301.21,50100118.38,IDR
BUD00295,CC002,CAT009,2024-07,135463000.00,103285069.52,51990392.69,IDR
BUD00296,CC002,CAT001,2024-07,517800000.00,443992688.64,339427901.05,IDR
BUD00297,CC003,CAT008,2024-07,869327000.00,428317952.99,393981264.61,IDR
BUD00298,CC003,CAT010,2024-07,821746000.00,290632193.54,253776160.05,IDR
BUD00299,CC003,CAT004,2024-07,504879000.00,370515858.16,410840987.47,IDR
BUD00300,CC003,CAT007,2024-07,826245000.00,334661337.25,359245302.25,IDR
BUD00301,CC004,CAT003,2024-07,471076000.00,406051140.63,456964024.13,IDR
BUD00302,CC004,CAT001,2024-07,837134000.00,691511109.08,349920982.01,IDR
BUD00303,CC004,CAT007,2024-07,532768000.00,194130224.65,221103848.18,IDR
BUD00304,CC004,CAT008,2024-07,291877000.00,260780331.62,222483517.99,IDR
BUD00305,CC005,CAT008,2024-07,213890000.00,78623409.43,47616009.12,IDR
BUD00306,CC005,CAT003,2024-07,440077000.00,199952914.02,124176637.21,IDR
BUD00307,CC005,CAT010,2024-07,676125000.00,523632172.27,455066620.80,IDR
BUD00308,CC005,CAT009,2024-07,693690000.00,281150440.07,297034098.22,IDR
BUD00309,CC006,CAT007,2024-07,390708000.00,139573034.35,158847424.88,IDR
BUD00310,CC006,CAT010,2024-07,455836000.00,392700540.67,198093695.15,IDR
BUD00311,CC006,CAT006,2024-07,376038000.00,213605119.29,143872940.43,IDR
BUD00312,CC006,CAT001,2024-07,330182000.00,214445433.52,187075822.01,IDR
BUD00313,CC007,CAT005,2024-07,617618000.00,357747194.11,216013457.00,IDR
BUD00314,CC007,CAT006,2024-07,633163000.00,540634843.87,582302068.18,IDR
BUD00315,CC007,CAT004,2024-07,704365000.00,503039329.01,460362660.21,IDR
BUD00316,CC007,CAT001,2024-07,849540000.00,442207948.46,284583812.29,IDR
BUD00317,CC008,CAT003,2024-07,685575000.00,454840187.60,350363237.33,IDR
BUD00318,CC008,CAT008,2024-07,516849000.00,301062912.42,255718772.56,IDR
BUD00319,CC008,CAT010,2024-07,614480000.00,264869744.33,175039840.41,IDR
BUD00320,CC008,CAT004,2024-07,691529000.00,569737628.32,315187800.41,IDR
BUD00321,CC009,CAT008,2024-07,829658000.00,304754352.94,316549301.83,IDR
BUD00322,CC009,CAT009,2024-07,817455000.00,344388941.85,292327356.55,IDR
BUD00323,CC009,CAT006,2024-07,189857000.00,154295189.94,121460611.77,IDR
BUD00324,CC009,CAT001,2024-07,628251000.00,458717957.50,375111186.99,IDR
BUD00325,CC010,CAT009,2024-07,162153000.00,89063304.55,77177118.13,IDR
BUD00326,CC010,CAT008,2024-07,524978000.00,369406348.82,258699040.16,IDR
BUD00327,CC010,CAT001,2024-07,68505000.00,31010455.08,15566009.78,IDR
BUD00328,CC010,CAT004,2024-07,235216000.00,80871427.78,62707971.99,IDR
BUD00329,CC011,CAT002,2024-07,888217000.00,518046099.48,355695093.33,IDR
BUD00330,CC011,CAT009,2024-07,202984000.00,77389135.82,70965160.40,IDR
BUD00331,CC011,CAT001,2024-07,669896000.00,588349251.88,437378597.57,IDR
BUD00332,CC011,CAT008,2024-07,807634000.00,459642503.16,503825546.78,IDR
BUD00333,CC012,CAT007,2024-07,869523000.00,717123645.45,420552410.30,IDR
BUD00334,CC012,CAT010,2024-07,781244000.00,289982070.09,332131081.26,IDR
BUD00335,CC012,CAT002,2024-07,384100000.00,144578409.74,164265773.98,IDR
BUD00336,CC012,CAT006,2024-07,759598000.00,572514822.70,650387684.16,IDR
BUD00337,CC001,CAT008,2024-08,372385000.00,163029572.11,130326888.39,IDR
BUD00338,CC001,CAT009,2024-08,181853000.00,75121341.30,80296098.45,IDR
BUD00339,CC001,CAT007,2024-08,700666000.00,223743946.30,207886876.26,IDR
BUD00340,CC001,CAT005,2024-08,572685000.00,493507151.50,531939944.90,IDR
BUD00341,CC002,CAT004,2024-08,554853000.00,315081398.96,295173095.44,IDR
BUD00342,CC002,CAT010,2024-08,791381000.00,353621074.40,186978513.20,IDR
BUD00343,CC002,CAT002,2024-08,423118000.00,263964654.50,261417583.18,IDR
BUD00344,CC002,CAT001,2024-08,709654000.00,272564862.85,312295072.07,IDR
BUD00345,CC003,CAT004,2024-08,306500000.00,118295593.84,109912940.40,IDR
BUD00346,CC003,CAT006,2024-08,237886000.00,114256781.93,61655526.21,IDR
BUD00347,CC003,CAT009,2024-08,856242000.00,708821388.86,774405429.97,IDR
BUD00348,CC003,CAT002,2024-08,582094000.00,323830737.45,266238578.05,IDR
BUD00349,CC004,CAT006,2024-08,403876000.00,157322046.35,117157589.87,IDR
BUD00350,CC004,CAT007,2024-08,691254000.00,403769267.21,424794181.40,IDR
BUD00351,CC004,CAT010,2024-08,305626000.00,221440119.79,226700319.99,IDR
BUD00352,CC004,CAT008,2024-08,827530000.00,527493746.92,595572629.29,IDR
BUD00353,CC005,CAT009,2024-08,256430000.00,108213983.08,99595691.99,IDR
BUD00354,CC005,CAT010,2024-08,833892000.00,674018252.07,377518699.89,IDR
BUD00355,CC005,CAT003,2024-08,665897000.00,275873782.96,186076875.46,IDR
BUD00356,CC005,CAT004,2024-08,622621000.00,412021455.94,439978470.58,IDR
BUD00357,CC006,CAT004,2024-08,227556000.00,192107257.26,133912631.66,IDR
BUD00358,CC006,CAT009,2024-08,822645000.00,351339062.78,219065317.48,IDR
BUD00359,CC006,CAT010,2024-08,680254000.00,508916749.20,503987881.79,IDR
BUD00360,CC006,CAT008,2024-08,827275000.00,593467041.30,568214768.69,IDR
BUD00361,CC007,CAT007,2024-08,290600000.00,168475430.35,155278559.68,IDR
BUD00362,CC007,CAT004,2024-08,312159000.00,161007482.58,172894305.82,IDR
BUD00363,CC007,CAT006,2024-08,446103000.00,348714242.07,338102457.09,IDR
BUD00364,CC007,CAT010,2024-08,697385000.00,343211033.59,216920654.34,IDR
BUD00365,CC008,CAT006,2024-08,784472000.00,584236641.62,298277890.13,IDR
BUD00366,CC008,CAT007,2024-08,520315000.00,338422834.55,327595929.85,IDR
BUD00367,CC008,CAT001,2024-08,300913000.00,125695894.75,81641005.43,IDR
BUD00368,CC008,CAT005,2024-08,534321000.00,239075524.85,205107111.53,IDR
BUD00369,CC009,CAT006,2024-08,595440000.00,353904140.22,215652149.59,IDR
BUD00370,CC009,CAT005,2024-08,725729000.00,291423321.05,282157165.39,IDR
BUD00371,CC009,CAT008,2024-08,465069000.00,395373589.36,337012081.06,IDR
BUD00372,CC009,CAT010,2024-08,595538000.00,199647701.12,104213193.55,IDR
BUD00373,CC010,CAT002,2024-08,166868000.00,113206753.55,61604756.29,IDR
BUD00374,CC010,CAT001,2024-08,178375000.00,76920972.94,61260345.79,IDR
BUD00375,CC010,CAT009,2024-08,101383000.00,69207802.69,76615627.25,IDR
BUD00376,CC010,CAT004,2024-08,825839000.00,574429333.02,293088578.94,IDR
BUD00377,CC011,CAT009,2024-08,64217000.00,47091330.00,39944267.87,IDR
BUD00378,CC011,CAT010,2024-08,293685000.00,176601489.26,168408663.53,IDR
BUD00379,CC011,CAT007,2024-08,415987000.00,359340863.68,221542067.80,IDR
BUD00380,CC011,CAT001,2024-08,830342000.00,510354133.69,335113702.63,IDR
BUD00381,CC012,CAT010,2024-08,351275000.00,272927256.03,150481856.52,IDR
BUD00382,CC012,CAT009,2024-08,865403000.00,497951715.60,327694620.10,IDR
BUD00383,CC012,CAT005,2024-08,642651000.00,308462701.55,320258423.58,IDR
BUD00384,CC012,CAT007,2024-08,118524000.00,106079551.66,97851108.68,IDR
BUD00385,CC001,CAT001,2024-09,370594000.00,217020980.45,198332489.80,IDR
BUD00386,CC001,CAT002,2024-09,647418000.00,226344890.44,237540897.04,IDR
BUD00387,CC001,CAT007,2024-09,598171000.00,298345185.74,338700547.50,IDR
BUD00388,CC001,CAT004,2024-09,877764000.00,734578508.12,806162405.11,IDR
BUD00389,CC002,CAT004,2024-09,89578000.00,30869370.31,34006628.32,IDR
BUD00390,CC002,CAT010,2024-09,814415000.00,519683031.56,270955538.73,IDR
BUD00391,CC002,CAT008,2024-09,839451000.00,410231994.13,461492522.05,IDR
BUD00392,CC002,CAT003,2024-09,548981000.00,412478346.67,397324886.27,IDR
BUD00393,CC003,CAT007,2024-09,529364000.00,338802251.36,356466579.64,IDR
BUD00394,CC003,CAT002,2024-09,625480000.00,390510593.61,292687705.20,IDR
BUD00395,CC003,CAT005,2024-09,678783000.00,525580897.07,498277942.73,IDR
BUD00396,CC003,CAT009,2024-09,116664000.00,87179966.56,63188795.94,IDR
BUD00397,CC004,CAT002,2024-09,114616000.00,76002012.40,68326751.72,IDR
BUD00398,CC004,CAT007,2024-09,556267000.00,490267208.94,349141253.53,IDR
BUD00399,CC004,CAT004,2024-09,589005000.00,453609762.96,359647960.06,IDR
BUD00400,CC004,CAT009,2024-09,243918000.00,154112913.48,114664253.04,IDR
BUD00401,CC005,CAT003,2024-09,575824000.00,448470793.44,432110823.87,IDR
BUD00402,CC005,CAT007,2024-09,119732000.00,46998710.67,45240495.98,IDR
BUD00403,CC005,CAT002,2024-09,588816000.00,437957321.18,309128167.25,IDR
BUD00404,CC005,CAT009,2024-09,140568000.00,42608569.21,29841927.48,IDR
BUD00405,CC006,CAT006,2024-09,124203000.00,69378269.29,59806862.06,IDR
BUD00406,CC006,CAT005,2024-09,485575000.00,175766377.92,98121975.47,IDR
BUD00407,CC006,CAT002,2024-09,521087000.00,342955875.44,346346052.84,IDR
BUD00408,CC006,CAT008,2024-09,784160000.00,241054209.94,185365033.60,IDR
BUD00409,CC007,CAT002,2024-09,492939000.00,350573087.81,213911331.55,IDR
BUD00410,CC007,CAT009,2024-09,278581000.00,128438120.37,76402396.33,IDR
BUD00411,CC007,CAT004,2024-09,192126000.00,89449470.33,62152977.39,IDR
BUD00412,CC007,CAT005,2024-09,715267000.00,369560539.58,411596015.48,IDR
BUD00413,CC008,CAT008,2024-09,165166000.00,50220443.60,38026909.15,IDR
BUD00414,CC008,CAT004,2024-09,765371000.00,404065353.38,428482578.96,IDR
BUD00415,CC008,CAT010,2024-09,424189000.00,236854298.49,245214759.27,IDR
BUD00416,CC008,CAT001,2024-09,603381000.00,396201536.34,275472167.05,IDR
BUD00417,CC009,CAT010,2024-09,200992000.00,108323382.10,76632237.34,IDR
BUD00418,CC009,CAT004,2024-09,674643000.00,458582829.39,517761111.74,IDR
BUD00419,CC009,CAT008,2024-09,714678000.00,354145634.64,241596414.94,IDR
BUD00420,CC009,CAT003,2024-09,717987000.00,372641946.39,412083729.83,IDR
BUD00421,CC010,CAT004,2024-09,702475000.00,222087236.07,216021741.93,IDR
BUD00422,CC010,CAT009,2024-09,851529000.00,362571713.58,369277690.86,IDR
BUD00423,CC010,CAT003,2024-09,756590000.00,258371855.76,271564879.38,IDR
BUD00424,CC010,CAT006,2024-09,725789000.00,510800566.41,301610586.77,IDR
BUD00425,CC011,CAT005,2024-09,181022000.00,100263881.21,74701006.30,IDR
BUD00426,CC011,CAT004,2024-09,431707000.00,284391438.38,249826108.36,IDR
BUD00427,CC011,CAT010,2024-09,504212000.00,430646184.67,458750981.92,IDR
BUD00428,CC011,CAT006,2024-09,405556000.00,130612999.73,147524539.29,IDR
BUD00429,CC012,CAT009,2024-09,260996000.00,182388267.47,110913956.98,IDR
BUD00430,CC012,CAT002,2024-09,570776000.00,364116375.30,334721363.20,IDR
BUD00431,CC012,CAT010,2024-09,599732000.00,527816144.85,377672432.84,IDR
BUD00432,CC012,CAT007,2024-09,726796000.00,264238845.80,149055617.00,IDR
BUD00433,CC001,CAT004,2024-10,368002000.00,212645512.12,200250632.10,IDR
BUD00434,CC001,CAT009,2024-10,636872000.00,248664735.98,285593133.11,IDR
BUD00435,CC001,CAT010,2024-10,460355000.00,219708719.93,241318369.70,IDR
BUD00436,CC001,CAT008,2024-10,122977000.00,98232877.37,95737562.87,IDR
BUD00437,CC002,CAT006,2024-10,716629000.00,439056299.62,318928385.42,IDR
BUD00438,CC002,CAT005,2024-10,132980000.00,97500452.75,77424200.39,IDR
BUD00439,CC002,CAT010,2024-10,107098000.00,35000679.35,33670875.55,IDR
BUD00440,CC002,CAT004,2024-10,69197000.00,35003078.84,19989759.29,IDR
BUD00441,CC003,CAT003,2024-10,186115000.00,118352272.68,132909685.55,IDR
BUD00442,CC003,CAT004,2024-10,247077000.00,134169843.25,83171034.37,IDR
BUD00443,CC003,CAT010,2024-10,594407000.00,332440346.08,172528221.40,IDR
BUD00444,CC003,CAT005,2024-10,571991000.00,239317980.81,211780152.06,IDR
BUD00445,CC004,CAT007,2024-10,286593000.00,206993469.67,210596239.26,IDR
BUD00446,CC004,CAT001,2024-10,540746000.00,421620420.89,357946401.34,IDR
BUD00447,CC004,CAT004,2024-10,360924000.00,150954501.41,86658560.97,IDR
BUD00448,CC004,CAT002,2024-10,620096000.00,368145034.39,415210779.28,IDR
BUD00449,CC005,CAT006,2024-10,147097000.00,75194655.86,59975962.91,IDR
BUD00450,CC005,CAT007,2024-10,196648000.00,138470341.56,141294956.39,IDR
BUD00451,CC005,CAT009,2024-10,830880000.00,543479454.66,509170440.77,IDR
BUD00452,CC005,CAT005,2024-10,316208000.00,140125562.81,80714676.55,IDR
BUD00453,CC006,CAT006,2024-10,556962000.00,359175674.62,278352243.27,IDR
BUD00454,CC006,CAT003,2024-10,463670000.00,288600987.67,316726495.30,IDR
BUD00455,CC006,CAT007,2024-10,841091000.00,339751039.78,206725797.79,IDR
BUD00456,CC006,CAT004,2024-10,295510000.00,121826700.82,127587932.91,IDR
BUD00457,CC007,CAT010,2024-10,461918000.00,192655417.56,144407510.37,IDR
BUD00458,CC007,CAT001,2024-10,527345000.00,364839343.75,279444071.53,IDR
BUD00459,CC007,CAT006,2024-10,467967000.00,339784017.48,267920932.16,IDR
BUD00460,CC007,CAT009,2024-10,192165000.00,122839300.86,124967194.26,IDR
BUD00461,CC008,CAT004,2024-10,241117000.00,114097091.50,114950666.49,IDR
BUD00462,CC008,CAT005,2024-10,530803000.00,405283262.39,333124066.11,IDR
BUD00463,CC008,CAT001,2024-10,484185000.00,311635232.53,210081970.93,IDR
BUD00464,CC008,CAT003,2024-10,511640000.00,457680487.04,390093984.06,IDR
BUD00465,CC009,CAT001,2024-10,137054000.00,109374907.19,108103377.04,IDR
BUD00466,CC009,CAT008,2024-10,303053000.00,272622721.42,216006076.60,IDR
BUD00467,CC009,CAT004,2024-10,346290000.00,273581965.04,214870027.05,IDR
BUD00468,CC009,CAT009,2024-10,894864000.00,684910104.44,447941438.12,IDR
BUD00469,CC010,CAT010,2024-10,573729000.00,442293185.86,455028758.33,IDR
BUD00470,CC010,CAT006,2024-10,734624000.00,471661377.29,399017279.74,IDR
BUD00471,CC010,CAT007,2024-10,557329000.00,223503652.94,253978398.74,IDR
BUD00472,CC010,CAT002,2024-10,298739000.00,192280772.63,215173389.64,IDR
BUD00473,CC011,CAT009,2024-10,717837000.00,611066805.48,699742404.54,IDR
BUD00474,CC011,CAT002,2024-10,786990000.00,296012831.89,314647199.83,IDR
BUD00475,CC011,CAT003,2024-10,262226000.00,190595535.38,197935973.97,IDR
BUD00476,CC011,CAT007,2024-10,697253000.00,492079842.76,402594223.76,IDR
BUD00477,CC012,CAT010,2024-10,434193000.00,295327943.67,316615566.62,IDR
BUD00478,CC012,CAT005,2024-10,129131000.00,78688309.96,53574675.94,IDR
BUD00479,CC012,CAT007,2024-10,845886000.00,441081083.49,492980955.90,IDR
BUD00480,CC012,CAT004,2024-10,328196000.00,98945793.99,99261227.12,IDR
BUD00481,CC001,CAT002,2024-11,103831000.00,64443195.94,41346075.14,IDR
BUD00482,CC001,CAT008,2024-11,415197000.00,177335155.98,119621242.36,IDR
BUD00483,CC001,CAT006,2024-11,754092000.00,379046676.28,331914824.69,IDR
BUD00484,CC001,CAT007,2024-11,531221000.00,314059312.02,227200164.70,IDR
BUD00485,CC002,CAT001,2024-11,716306000.00,412412504.46,239510280.28,IDR
BUD00486,CC002,CAT010,2024-11,779004000.00,439959311.59,220172954.33,IDR
BUD00487,CC002,CAT002,2024-11,864327000.00,364219553.03,345128884.36,IDR
BUD00488,CC002,CAT006,2024-11,162126000.00,111866667.56,67493115.13,IDR
BUD00489,CC003,CAT005,2024-11,120057000.00,83884460.62,77324048.71,IDR
BUD00490,CC003,CAT002,2024-11,94019000.00,63496912.95,61712169.42,IDR
BUD00491,CC003,CAT006,2024-11,691947000.00,385787137.06,215762826.20,IDR
BUD00492,CC003,CAT003,2024-11,130906000.00,56034667.55,30856059.51,IDR
BUD00493,CC004,CAT010,2024-11,56853000.00,28775832.69,16643537.64,IDR
BUD00494,CC004,CAT004,2024-11,781289000.00,559729972.10,453664028.88,IDR
BUD00495,CC004,CAT008,2024-11,244605000.00,86491997.44,88556729.39,IDR
BUD00496,CC004,CAT001,2024-11,137721000.00,71688878.07,49789070.18,IDR
BUD00497,CC005,CAT007,2024-11,500932000.00,152826761.66,140984695.56,IDR
BUD00498,CC005,CAT003,2024-11,424085000.00,311049051.54,282510930.91,IDR
BUD00499,CC005,CAT009,2024-11,178668000.00,97736030.04,92484478.70,IDR
BUD00500,CC005,CAT001,2024-11,780968000.00,274910748.07,155407684.53,IDR
BUD00501,CC006,CAT002,2024-11,317328000.00,121821620.49,82842231.96,IDR
BUD00502,CC006,CAT007,2024-11,121611000.00,76862770.67,68408258.95,IDR
BUD00503,CC006,CAT006,2024-11,566454000.00,434686485.33,412434644.53,IDR
BUD00504,CC006,CAT004,2024-11,770708000.00,535675371.58,372868663.04,IDR
BUD00505,CC007,CAT009,2024-11,382988000.00,263381561.79,265876059.02,IDR
BUD00506,CC007,CAT010,2024-11,724711000.00,321485166.50,241379300.62,IDR
BUD00507,CC007,CAT004,2024-11,254919000.00,174071285.67,95070390.62,IDR
BUD00508,CC007,CAT006,2024-11,805416000.00,247456178.91,181809478.10,IDR
BUD00509,CC008,CAT006,2024-11,763127000.00,421641495.78,360558943.20,IDR
BUD00510,CC008,CAT003,2024-11,196855000.00,114689450.52,130951046.60,IDR
BUD00511,CC008,CAT007,2024-11,112043000.00,73098880.97,37204825.08,IDR
BUD00512,CC008,CAT008,2024-11,233381000.00,199201786.22,222437080.57,IDR
BUD00513,CC009,CAT007,2024-11,655735000.00,498533025.77,386524571.25,IDR
BUD00514,CC009,CAT009,2024-11,391936000.00,268210573.58,227838440.59,IDR
BUD00515,CC009,CAT005,2024-11,179778000.00,62950748.84,34708777.64,IDR
BUD00516,CC009,CAT006,2024-11,832786000.00,736672527.66,442736605.43,IDR
BUD00517,CC010,CAT006,2024-11,643874000.00,475162932.19,499018142.63,IDR
BUD00518,CC010,CAT007,2024-11,99220000.00,34898420.31,27305024.24,IDR
BUD00519,CC010,CAT002,2024-11,435366000.00,289648757.15,203054942.27,IDR
BUD00520,CC010,CAT003,2024-11,680439000.00,506515326.90,292582477.35,IDR
BUD00521,CC011,CAT003,2024-11,860064000.00,527910050.57,532630419.53,IDR
BUD00522,CC011,CAT001,2024-11,662651000.00,265178201.14,154467600.17,IDR
BUD00523,CC011,CAT010,2024-11,713955000.00,329317949.34,354401963.78,IDR
BUD00524,CC011,CAT004,2024-11,705716000.00,224145105.69,229663580.68,IDR
BUD00525,CC012,CAT005,2024-11,655475000.00,423430953.89,232927470.91,IDR
BUD00526,CC012,CAT009,2024-11,436918000.00,225482167.31,185965629.15,IDR
BUD00527,CC012,CAT002,2024-11,531853000.00,276889408.63,184360015.84,IDR
BUD00528,CC012,CAT003,2024-11,137469000.00,88577790.41,85903267.53,IDR
BUD00529,CC001,CAT004,2024-12,779886000.00,239715777.68,127022512.67,IDR
BUD00530,CC001,CAT009,2024-12,359380000.00,306240609.50,188743623.28,IDR
BUD00531,CC001,CAT001,2024-12,866291000.00,278268387.52,284397267.17,IDR
BUD00532,CC001,CAT008,2024-12,656918000.00,455521378.06,294237180.37,IDR
BUD00533,CC002,CAT004,2024-12,752097000.00,483539389.73,279297479.10,IDR
BUD00534,CC002,CAT007,2024-12,622327000.00,206365680.31,133120369.17,IDR
BUD00535,CC002,CAT006,2024-12,488408000.00,159981536.55,121682140.77,IDR
BUD00536,CC002,CAT003,2024-12,795443000.00,651960465.07,653781300.46,IDR
BUD00537,CC003,CAT005,2024-12,438234000.00,228474003.86,157541235.55,IDR
BUD00538,CC003,CAT006,2024-12,716831000.00,533139896.49,350635231.63,IDR
BUD00539,CC003,CAT002,2024-12,363033000.00,320599759.68,368228581.13,IDR
BUD00540,CC003,CAT010,2024-12,709503000.00,524661860.88,448724143.49,IDR
BUD00541,CC004,CAT004,2024-12,70324000.00,43947374.78,40139870.73,IDR
BUD00542,CC004,CAT003,2024-12,639442000.00,195513798.56,140332236.14,IDR
BUD00543,CC004,CAT001,2024-12,695090000.00,365453923.15,358054844.03,IDR
BUD00544,CC004,CAT010,2024-12,311384000.00,131751746.77,150068563.96,IDR
BUD00545,CC005,CAT007,2024-12,654905000.00,233025666.36,256055211.25,IDR
BUD00546,CC005,CAT008,2024-12,812694000.00,497251318.99,475148742.16,IDR
BUD00547,CC005,CAT001,2024-12,366618000.00,324358996.84,180079759.35,IDR
BUD00548,CC005,CAT002,2024-12,131240000.00,49885414.62,51530430.06,IDR
BUD00549,CC006,CAT002,2024-12,869586000.00,384411831.44,257419118.85,IDR
BUD00550,CC006,CAT001,2024-12,317758000.00,248006971.03,236963628.37,IDR
BUD00551,CC006,CAT007,2024-12,675050000.00,331337918.03,224239999.06,IDR
BUD00552,CC006,CAT006,2024-12,113484000.00,47847983.81,48180959.77,IDR
BUD00553,CC007,CAT010,2024-12,189719000.00,109967405.93,84040737.99,IDR
BUD00554,CC007,CAT002,2024-12,505536000.00,444255347.37,282085950.98,IDR
BUD00555,CC007,CAT003,2024-12,312062000.00,143237942.21,82783482.29,IDR
BUD00556,CC007,CAT001,2024-12,183973000.00,130921240.57,135785141.03,IDR
BUD00557,CC008,CAT010,2024-12,778087000.00,302671391.11,291246244.93,IDR
BUD00558,CC008,CAT001,2024-12,873140000.00,469528134.09,249703466.93,IDR
BUD00559,CC008,CAT004,2024-12,304015000.00,240796226.73,147611464.43,IDR
BUD00560,CC008,CAT007,2024-12,859282000.00,698390710.94,601572768.28,IDR
BUD00561,CC009,CAT009,2024-12,136621000.00,106056948.52,61401099.34,IDR
BUD00562,CC009,CAT004,2024-12,102419000.00,78716784.94,50731967.11,IDR
BUD00563,CC009,CAT002,2024-12,218413000.00,118019264.88,111656305.82,IDR
BUD00564,CC009,CAT010,2024-12,846939000.00,296787459.55,261462981.82,IDR
BUD00565,CC010,CAT002,2024-12,817122000.00,462539094.12,269990779.22,IDR
BUD00566,CC010,CAT001,2024-12,819316000.00,653497671.42,467582438.94,IDR
BUD00567,CC010,CAT010,2024-12,86292000.00,49755704.29,30310826.05,IDR
BUD00568,CC010,CAT008,2024-12,537802000.00,426483031.39,322740670.36,IDR
BUD00569,CC011,CAT001,2024-12,350852000.00,296463810.45,201221298.21,IDR
BUD00570,CC011,CAT007,2024-12,429110000.00,167000534.37,150161749.50,IDR
BUD00571,CC011,CAT009,2024-12,574431000.00,395419367.32,325936096.77,IDR
BUD00572,CC011,CAT002,2024-12,800362000.00,470147491.90,261881089.64,IDR
BUD00573,CC012,CAT007,2024-12,596255000.00,464076455.30,307193572.23,IDR
BUD00574,CC012,CAT003,2024-12,894974000.00,560427357.69,287328017.86,IDR
BUD00575,CC012,CAT010,2024-12,375123000.00,273097947.19,221699516.71,IDR
BUD00576,CC012,CAT002,2024-12,714220000.00,361695629.42,313833613.17,IDR
BUD00577,CC001,CAT006,2025-01,72154000.00,47496799.99,24653083.39,IDR
BUD00578,CC001,CAT007,2025-01,739086000.00,346305839.92,355179935.49,IDR
BUD00579,CC001,CAT005,2025-01,450932000.00,231986357.49,204053529.26,IDR
BUD00580,CC001,CAT002,2025-01,247848000.00,98092013.69,64849325.24,IDR
BUD00581,CC002,CAT004,2025-01,896933000.00,387158395.26,406604706.70,IDR
BUD00582,CC002,CAT005,2025-01,727782000.00,373266855.93,390248431.47,IDR
BUD00583,CC002,CAT001,2025-01,768438000.00,311724728.56,275919303.34,IDR
BUD00584,CC002,CAT007,2025-01,735279000.00,528353797.23,578065022.37,IDR
BUD00585,CC003,CAT001,2025-01,856113000.00,686618125.45,704992545.58,IDR
BUD00586,CC003,CAT006,2025-01,874830000.00,547009119.09,335924808.88,IDR
BUD00587,CC003,CAT003,2025-01,82269000.00,27453229.97,24463046.43,IDR
BUD00588,CC003,CAT005,2025-01,66939000.00,39279362.93,28109376.42,IDR
BUD00589,CC004,CAT010,2025-01,659397000.00,561323876.88,588707869.23,IDR
BUD00590,CC004,CAT004,2025-01,325050000.00,101788672.15,89705945.93,IDR
BUD00591,CC004,CAT003,2025-01,829641000.00,634360017.87,666212869.06,IDR
BUD00592,CC004,CAT008,2025-01,781569000.00,684916465.14,508779242.29,IDR
BUD00593,CC005,CAT007,2025-01,324213000.00,287095929.51,280213900.31,IDR
BUD00594,CC005,CAT002,2025-01,421338000.00,288009632.58,235211710.32,IDR
BUD00595,CC005,CAT006,2025-01,319691000.00,231555309.16,200361393.88,IDR
BUD00596,CC005,CAT003,2025-01,806160000.00,538696581.81,394291747.54,IDR
BUD00597,CC006,CAT010,2025-01,673896000.00,321253203.98,197734684.07,IDR
BUD00598,CC006,CAT003,2025-01,51528000.00,37162254.79,32418218.53,IDR
BUD00599,CC006,CAT007,2025-01,773143000.00,589520173.33,512212732.45,IDR
BUD00600,CC006,CAT009,2025-01,204769000.00,100527275.29,103113289.36,IDR
BUD00601,CC007,CAT010,2025-01,169547000.00,126686535.15,82941339.01,IDR
BUD00602,CC007,CAT004,2025-01,885023000.00,354657435.14,381419234.30,IDR
BUD00603,CC007,CAT002,2025-01,125417000.00,90974919.23,83279964.63,IDR
BUD00604,CC007,CAT009,2025-01,803655000.00,456458327.81,306917141.54,IDR
BUD00605,CC008,CAT004,2025-01,718967000.00,526462257.67,279707211.38,IDR
BUD00606,CC008,CAT002,2025-01,422487000.00,233124920.30,141767923.71,IDR
BUD00607,CC008,CAT006,2025-01,401916000.00,333213441.55,242679436.13,IDR
BUD00608,CC008,CAT003,2025-01,369045000.00,294233742.62,297963007.14,IDR
BUD00609,CC009,CAT010,2025-01,112653000.00,90962508.67,62917912.06,IDR
BUD00610,CC009,CAT004,2025-01,320909000.00,279510865.76,153236314.93,IDR
BUD00611,CC009,CAT003,2025-01,194589000.00,102212684.52,99738146.65,IDR
BUD00612,CC009,CAT009,2025-01,514989000.00,432011141.87,242150040.88,IDR
BUD00613,CC010,CAT010,2025-01,851076000.00,339577891.52,366180296.46,IDR
BUD00614,CC010,CAT008,2025-01,183538000.00,66212193.67,41952563.02,IDR
BUD00615,CC010,CAT001,2025-01,211487000.00,151914923.58,147254898.05,IDR
BUD00616,CC010,CAT004,2025-01,670478000.00,307855915.21,210262510.84,IDR
BUD00617,CC011,CAT004,2025-01,536004000.00,430900424.41,258468491.38,IDR
BUD00618,CC011,CAT002,2025-01,356705000.00,198529009.83,137274301.71,IDR
BUD00619,CC011,CAT001,2025-01,612717000.00,404472454.61,254732149.21,IDR
BUD00620,CC011,CAT010,2025-01,71875000.00,28929638.27,19952119.23,IDR
BUD00621,CC012,CAT002,2025-01,717145000.00,417784775.83,451905410.63,IDR
BUD00622,CC012,CAT008,2025-01,275254000.00,188581973.56,141793395.33,IDR
BUD00623,CC012,CAT010,2025-01,365367000.00,193230590.21,120050090.80,IDR
BUD00624,CC012,CAT003,2025-01,87924000.00,49575442.16,33275558.63,IDR
BUD00625,CC001,CAT005,2025-02,642000000.00,229849849.62,214746821.23,IDR
BUD00626,CC001,CAT001,2025-02,736953000.00,404139123.48,400783546.63,IDR
BUD00627,CC001,CAT003,2025-02,243386000.00,81921354.01,61573643.15,IDR
BUD00628,CC001,CAT007,2025-02,494195000.00,434583529.93,411374229.75,IDR
BUD00629,CC002,CAT008,2025-02,117112000.00,98569226.16,95050177.09,IDR
BUD00630,CC002,CAT004,2025-02,476786000.00,400630420.16,408760300.65,IDR
BUD00631,CC002,CAT010,2025-02,625905000.00,420710726.18,243247881.76,IDR
BUD00632,CC002,CAT003,2025-02,693610000.00,280029350.60,319188429.19,IDR
BUD00633,CC003,CAT004,2025-02,409869000.00,365999885.54,286579963.49,IDR
BUD00634,CC003,CAT010,2025-02,897679000.00,607132379.38,632735320.08,IDR
BUD00635,CC003,CAT003,2025-02,269203000.00,227875679.98,249344544.86,IDR
BUD00636,CC003,CAT001,2025-02,106960000.00,56994651.24,43217946.68,IDR
BUD00637,CC004,CAT006,2025-02,60509000.00,43581442.24,38435539.78,IDR
BUD00638,CC004,CAT005,2025-02,714433000.00,262562204.58,156819873.55,IDR
BUD00639,CC004,CAT008,2025-02,531605000.00,345333931.66,389239888.74,IDR
BUD00640,CC004,CAT007,2025-02,135173000.00,49119285.33,49448583.62,IDR
BUD00641,CC005,CAT005,2025-02,274516000.00,190204615.33,165823256.85,IDR
BUD00642,CC005,CAT009,2025-02,452090000.00,182336865.06,138928487.91,IDR
BUD00643,CC005,CAT006,2025-02,575508000.00,407740349.57,310338492.42,IDR
BUD00644,CC005,CAT004,2025-02,386424000.00,319717394.32,303358715.00,IDR
BUD00645,CC006,CAT001,2025-02,67198000.00,53115419.65,37020688.99,IDR
BUD00646,CC006,CAT008,2025-02,288295000.00,171527316.67,163383002.25,IDR
BUD00647,CC006,CAT005,2025-02,133485000.00,109636571.91,64395105.05,IDR
BUD00648,CC006,CAT003,2025-02,878087000.00,496879901.48,515157710.96,IDR
BUD00649,CC007,CAT005,2025-02,425459000.00,360814624.78,275900776.02,IDR
BUD00650,CC007,CAT007,2025-02,461791000.00,281646723.86,209275242.56,IDR
BUD00651,CC007,CAT002,2025-02,97775000.00,75765283.85,41114109.24,IDR
BUD00652,CC007,CAT008,2025-02,653134000.00,354018930.41,356615899.74,IDR
BUD00653,CC008,CAT009,2025-02,793903000.00,333785453.84,179395624.17,IDR
BUD00654,CC008,CAT001,2025-02,78110000.00,25802511.30,18945334.02,IDR
BUD00655,CC008,CAT003,2025-02,219243000.00,114228048.99,91581424.62,IDR
BUD00656,CC008,CAT002,2025-02,387401000.00,330780074.08,311847325.55,IDR
BUD00657,CC009,CAT004,2025-02,429188000.00,376102692.07,304070935.77,IDR
BUD00658,CC009,CAT006,2025-02,518634000.00,262713742.72,274397923.47,IDR
BUD00659,CC009,CAT008,2025-02,269861000.00,215489978.04,120406048.54,IDR
BUD00660,CC009,CAT005,2025-02,73333000.00,24184535.95,25514295.15,IDR
BUD00661,CC010,CAT004,2025-02,225721000.00,155962466.62,130015428.04,IDR
BUD00662,CC010,CAT010,2025-02,784935000.00,690964947.15,651876939.52,IDR
BUD00663,CC010,CAT009,2025-02,452983000.00,171856520.27,105275940.52,IDR
BUD00664,CC010,CAT006,2025-02,730735000.00,317330456.48,284145155.58,IDR
BUD00665,CC011,CAT005,2025-02,773848000.00,445271219.35,285791047.20,IDR
BUD00666,CC011,CAT010,2025-02,306823000.00,187893109.13,170107891.95,IDR
BUD00667,CC011,CAT007,2025-02,546814000.00,166454853.36,191361342.75,IDR
BUD00668,CC011,CAT004,2025-02,871513000.00,700371422.62,605784249.28,IDR
BUD00669,CC012,CAT010,2025-02,141889000.00,48001365.44,54838422.06,IDR
BUD00670,CC012,CAT005,2025-02,594506000.00,485648955.18,325261197.53,IDR
BUD00671,CC012,CAT009,2025-02,654430000.00,546726710.65,379545458.49,IDR
BUD00672,CC012,CAT006,2025-02,177440000.00,134727465.28,146151893.44,IDR
BUD00673,CC001,CAT010,2025-03,168940000.00,53262248.10,43850400.79,IDR
BUD00674,CC001,CAT007,2025-03,301264000.00,254311082.98,194036630.48,IDR
BUD00675,CC001,CAT006,2025-03,676222000.00,439418672.46,503833022.50,IDR
BUD00676,CC001,CAT008,2025-03,743612000.00,376193481.67,362533910.64,IDR
BUD00677,CC002,CAT009,2025-03,305166000.00,122674290.20,113774214.63,IDR
BUD00678,CC002,CAT008,2025-03,524511000.00,249809080.41,201348009.19,IDR
BUD00679,CC002,CAT006,2025-03,679781000.00,499715158.42,431439364.39,IDR
BUD00680,CC002,CAT005,2025-03,825731000.00,716861693.79,777604433.63,IDR
BUD00681,CC003,CAT002,2025-03,682578000.00,330539190.20,334591198.71,IDR
BUD00682,CC003,CAT004,2025-03,331620000.00,151329992.19,104589186.16,IDR
BUD00683,CC003,CAT006,2025-03,773532000.00,450444655.36,478892798.51,IDR
BUD00684,CC003,CAT010,2025-03,546038000.00,473185932.42,258496851.53,IDR
BUD00685,CC004,CAT004,2025-03,628593000.00,388409565.08,298500408.30,IDR
BUD00686,CC004,CAT009,2025-03,790222000.00,308555669.51,353304296.24,IDR
BUD00687,CC004,CAT002,2025-03,341269000.00,304519433.96,328987366.49,IDR
BUD00688,CC004,CAT007,2025-03,888652000.00,342961457.63,363729853.33,IDR
BUD00689,CC005,CAT003,2025-03,586378000.00,238124915.87,217270966.80,IDR
BUD00690,CC005,CAT002,2025-03,54006000.00,25065087.44,24934138.21,IDR
BUD00691,CC005,CAT008,2025-03,193315000.00,146666204.07,120005970.80,IDR
BUD00692,CC005,CAT010,2025-03,699034000.00,246636535.62,221827817.89,IDR
BUD00693,CC006,CAT007,2025-03,375819000.00,121252434.88,76342868.72,IDR
BUD00694,CC006,CAT010,2025-03,367136000.00,113241730.24,80338047.43,IDR
BUD00695,CC006,CAT009,2025-03,758244000.00,314175388.11,295289140.60,IDR
BUD00696,CC006,CAT004,2025-03,582684000.00,261796351.52,248913637.28,IDR
BUD00697,CC007,CAT006,2025-03,376018000.00,245615864.89,149472757.49,IDR
BUD00698,CC007,CAT005,2025-03,750267000.00,359318886.07,247584389.86,IDR
BUD00699,CC007,CAT003,2025-03,668657000.00,439857252.40,316518133.10,IDR
BUD00700,CC007,CAT001,2025-03,804778000.00,722113977.02,521926901.36,IDR
BUD00701,CC008,CAT008,2025-03,855872000.00,728281379.81,555099395.15,IDR
BUD00702,CC008,CAT006,2025-03,244156000.00,179772379.44,105217853.23,IDR
BUD00703,CC008,CAT004,2025-03,673965000.00,440648898.84,268725360.70,IDR
BUD00704,CC008,CAT002,2025-03,361603000.00,249623311.84,130874064.59,IDR
BUD00705,CC009,CAT005,2025-03,895478000.00,624311097.78,577374735.14,IDR
BUD00706,CC009,CAT009,2025-03,66781000.00,47671606.77,36750237.94,IDR
BUD00707,CC009,CAT001,2025-03,373216000.00,234517525.50,189574028.74,IDR
BUD00708,CC009,CAT010,2025-03,180158000.00,129194043.36,117528127.58,IDR
BUD00709,CC010,CAT005,2025-03,492263000.00,331627081.20,316860431.99,IDR
BUD00710,CC010,CAT007,2025-03,406002000.00,340705979.28,283647986.81,IDR
BUD00711,CC010,CAT002,2025-03,575043000.00,270054028.85,272779965.84,IDR
BUD00712,CC010,CAT006,2025-03,473078000.00,314786614.78,316572492.36,IDR
BUD00713,CC011,CAT009,2025-03,398293000.00,157813309.03,135133989.39,IDR
BUD00714,CC011,CAT004,2025-03,823803000.00,587307570.10,477147207.02,IDR
BUD00715,CC011,CAT006,2025-03,249329000.00,76705977.28,42790571.00,IDR
BUD00716,CC011,CAT008,2025-03,143866000.00,92720437.03,76139020.49,IDR
BUD00717,CC012,CAT002,2025-03,665040000.00,560540688.90,515035387.32,IDR
BUD00718,CC012,CAT009,2025-03,438239000.00,388443905.95,260910494.05,IDR
BUD00719,CC012,CAT010,2025-03,92568000.00,72934979.65,77908510.14,IDR
BUD00720,CC012,CAT006,2025-03,774411000.00,399695818.92,375673399.06,IDR
BUD00721,CC001,CAT007,2025-04,694473000.00,227463139.19,239700467.58,IDR
BUD00722,CC001,CAT002,2025-04,613852000.00,246957181.12,180869664.51,IDR
BUD00723,CC001,CAT009,2025-04,422057000.00,284079906.64,304252164.94,IDR
BUD00724,CC001,CAT010,2025-04,129009000.00,101785336.82,62991395.01,IDR
BUD00725,CC002,CAT007,2025-04,760352000.00,542846816.00,440172365.96,IDR
BUD00726,CC002,CAT010,2025-04,408479000.00,339721499.46,206688657.71,IDR
BUD00727,CC002,CAT008,2025-04,162635000.00,119674422.73,136191881.87,IDR
BUD00728,CC002,CAT003,2025-04,767697000.00,278081244.08,303747418.46,IDR
BUD00729,CC003,CAT008,2025-04,372788000.00,192045223.36,99619724.19,IDR
BUD00730,CC003,CAT010,2025-04,631795000.00,507408391.92,574761262.86,IDR
BUD00731,CC003,CAT003,2025-04,161057000.00,137259023.02,78705608.76,IDR
BUD00732,CC003,CAT005,2025-04,399592000.00,130899704.07,87709132.52,IDR
BUD00733,CC004,CAT006,2025-04,792172000.00,484381338.56,458882084.81,IDR
BUD00734,CC004,CAT001,2025-04,575503000.00,322114061.45,313199161.65,IDR
BUD00735,CC004,CAT004,2025-04,459640000.00,320932776.22,294267400.73,IDR
BUD00736,CC004,CAT010,2025-04,176356000.00,140355160.93,151561148.29,IDR
BUD00737,CC005,CAT010,2025-04,844216000.00,509349739.96,410045798.58,IDR
BUD00738,CC005,CAT001,2025-04,471460000.00,188226786.06,186048908.16,IDR
BUD00739,CC005,CAT009,2025-04,322539000.00,160797594.97,109471345.90,IDR
BUD00740,CC005,CAT006,2025-04,480890000.00,303103688.72,226150037.49,IDR
BUD00741,CC006,CAT004,2025-04,731072000.00,415876997.53,439491739.30,IDR
BUD00742,CC006,CAT002,2025-04,430008000.00,159629337.62,131421664.58,IDR
BUD00743,CC006,CAT008,2025-04,605367000.00,218892227.76,168113621.02,IDR
BUD00744,CC006,CAT010,2025-04,523561000.00,157121613.84,87843882.69,IDR
BUD00745,CC007,CAT010,2025-04,620753000.00,540187378.81,397671152.77,IDR
BUD00746,CC007,CAT005,2025-04,96134000.00,41698206.01,33166710.89,IDR
BUD00747,CC007,CAT004,2025-04,526128000.00,353481612.64,285449443.10,IDR
BUD00748,CC007,CAT006,2025-04,608592000.00,443997137.38,254905497.75,IDR
BUD00749,CC008,CAT004,2025-04,755401000.00,663740801.35,457841313.68,IDR
BUD00750,CC008,CAT001,2025-04,493687000.00,356075516.55,188633059.95,IDR
BUD00751,CC008,CAT006,2025-04,189532000.00,72831369.22,70351932.55,IDR
BUD00752,CC008,CAT003,2025-04,663325000.00,241567644.39,216699136.64,IDR
BUD00753,CC009,CAT004,2025-04,438489000.00,337133250.83,325641101.25,IDR
BUD00754,CC009,CAT002,2025-04,141601000.00,77693949.20,85642603.09,IDR
BUD00755,CC009,CAT007,2025-04,761846000.00,497703832.38,498646664.04,IDR
BUD00756,CC009,CAT009,2025-04,432929000.00,300917699.11,337486334.02,IDR
BUD00757,CC010,CAT003,2025-04,675782000.00,427050837.00,333666241.24,IDR
BUD00758,CC010,CAT008,2025-04,547353000.00,467780202.53,471383500.84,IDR
BUD00759,CC010,CAT001,2025-04,823654000.00,588987255.76,360974195.35,IDR
BUD00760,CC010,CAT005,2025-04,742958000.00,269049146.31,249513266.43,IDR
BUD00761,CC011,CAT010,2025-04,882576000.00,749789038.49,746447623.56,IDR
BUD00762,CC011,CAT006,2025-04,282556000.00,248128281.38,280588317.06,IDR
BUD00763,CC011,CAT007,2025-04,434919000.00,165279266.02,126981507.73,IDR
BUD00764,CC011,CAT004,2025-04,645012000.00,483150185.77,335448051.73,IDR
BUD00765,CC012,CAT009,2025-04,228256000.00,166314333.94,157382812.35,IDR
BUD00766,CC012,CAT006,2025-04,833013000.00,316214264.79,304121500.34,IDR
BUD00767,CC012,CAT004,2025-04,878903000.00,357438968.89,304759420.99,IDR
BUD00768,CC012,CAT002,2025-04,591346000.00,429442346.27,427082030.71,IDR
BUD00769,CC001,CAT009,2025-05,685688000.00,551864728.80,378498183.12,IDR
BUD00770,CC001,CAT008,2025-05,770206000.00,604598514.52,507726409.81,IDR
BUD00771,CC001,CAT007,2025-05,71481000.00,27677159.20,25896555.15,IDR
BUD00772,CC001,CAT006,2025-05,219917000.00,164962163.25,99737444.64,IDR
BUD00773,CC002,CAT005,2025-05,102728000.00,79163680.25,50078990.61,IDR
BUD00774,CC002,CAT010,2025-05,509996000.00,262754764.99,208676268.23,IDR
BUD00775,CC002,CAT003,2025-05,573693000.00,404634627.16,350100092.07,IDR
BUD00776,CC002,CAT007,2025-05,240661000.00,165640147.55,124689982.44,IDR
BUD00777,CC003,CAT009,2025-05,379421000.00,331621990.90,376153773.45,IDR
BUD00778,CC003,CAT005,2025-05,315756000.00,199328792.65,101344220.69,IDR
BUD00779,CC003,CAT001,2025-05,263640000.00,177254931.26,178602277.96,IDR
BUD00780,CC003,CAT004,2025-05,789600000.00,630092974.41,688355242.81,IDR
BUD00781,CC004,CAT006,2025-05,666177000.00,277195335.22,219463779.47,IDR
BUD00782,CC004,CAT009,2025-05,885935000.00,305365312.94,343721917.61,IDR
BUD00783,CC004,CAT004,2025-05,674818000.00,250770660.13,132008747.79,IDR
BUD00784,CC004,CAT007,2025-05,287245000.00,131714401.53,79635021.40,IDR
BUD00785,CC005,CAT005,2025-05,653236000.00,256645592.88,153963538.85,IDR
BUD00786,CC005,CAT001,2025-05,324236000.00,107164298.90,118528881.25,IDR
BUD00787,CC005,CAT006,2025-05,573267000.00,399643989.34,327251722.48,IDR
BUD00788,CC005,CAT004,2025-05,536775000.00,276359334.95,279018033.79,IDR
BUD00789,CC006,CAT006,2025-05,492515000.00,380100886.05,229425405.54,IDR
BUD00790,CC006,CAT009,2025-05,511618000.00,277322659.61,201644610.95,IDR
BUD00791,CC006,CAT004,2025-05,800887000.00,559019675.30,399807097.72,IDR
BUD00792,CC006,CAT002,2025-05,299538000.00,260653464.29,235078769.50,IDR
BUD00793,CC007,CAT008,2025-05,618598000.00,350992720.33,381852947.29,IDR
BUD00794,CC007,CAT009,2025-05,571646000.00,384534270.25,431940781.95,IDR
BUD00795,CC007,CAT001,2025-05,630169000.00,310397432.98,339995715.34,IDR
BUD00796,CC007,CAT010,2025-05,853240000.00,453518869.56,386014514.83,IDR
BUD00797,CC008,CAT005,2025-05,732394000.00,415512119.06,219599642.29,IDR
BUD00798,CC008,CAT001,2025-05,813539000.00,338031501.34,281928938.73,IDR
BUD00799,CC008,CAT006,2025-05,855980000.00,342765965.27,384439291.67,IDR
BUD00800,CC008,CAT010,2025-05,507279000.00,154414891.47,83778831.53,IDR
BUD00801,CC009,CAT004,2025-05,507091000.00,365940049.68,415175654.52,IDR
BUD00802,CC009,CAT007,2025-05,708926000.00,487696209.86,541751590.87,IDR
BUD00803,CC009,CAT002,2025-05,684857000.00,268637039.09,214505709.41,IDR
BUD00804,CC009,CAT008,2025-05,331958000.00,117019357.34,62637448.28,IDR
BUD00805,CC010,CAT005,2025-05,748376000.00,633569093.18,484655840.97,IDR
BUD00806,CC010,CAT009,2025-05,433457000.00,235223595.43,165988531.53,IDR
BUD00807,CC010,CAT002,2025-05,381077000.00,141373262.83,71228699.32,IDR
BUD00808,CC010,CAT010,2025-05,662243000.00,223800091.09,220413586.20,IDR
BUD00809,CC011,CAT001,2025-05,140215000.00,108264928.46,75339177.71,IDR
BUD00810,CC011,CAT002,2025-05,123529000.00,93778837.03,73568512.71,IDR
BUD00811,CC011,CAT006,2025-05,385846000.00,268716234.17,217147436.50,IDR
BUD00812,CC011,CAT005,2025-05,503448000.00,192230984.06,144970067.68,IDR
BUD00813,CC012,CAT009,2025-05,625696000.00,530903900.58,539802449.59,IDR
BUD00814,CC012,CAT005,2025-05,669926000.00,350959700.00,392075442.13,IDR
BUD00815,CC012,CAT003,2025-05,520496000.00,329495749.40,191141424.38,IDR
BUD00816,CC012,CAT008,2025-05,54275000.00,35712566.41,30325284.04,IDR
BUD00817,CC001,CAT002,2025-06,680216000.00,500341318.93,319032141.30,IDR
BUD00818,CC001,CAT005,2025-06,819784000.00,664742605.79,393923693.64,IDR
BUD00819,CC001,CAT004,2025-06,206394000.00,138311008.11,91877534.61,IDR
BUD00820,CC001,CAT006,2025-06,147429000.00,103581661.50,89985555.28,IDR
BUD00821,CC002,CAT001,2025-06,517215000.00,245362451.66,133424615.18,IDR
BUD00822,CC002,CAT009,2025-06,133472000.00,98149109.61,80155803.03,IDR
BUD00823,CC002,CAT008,2025-06,331223000.00,124847583.30,115616033.06,IDR
BUD00824,CC002,CAT006,2025-06,135038000.00,90706302.91,98423330.67,IDR
BUD00825,CC003,CAT006,2025-06,573891000.00,277421947.37,244050987.93,IDR
BUD00826,CC003,CAT008,2025-06,530719000.00,275281855.01,194243433.82,IDR
BUD00827,CC003,CAT009,2025-06,414061000.00,125418716.50,82778088.69,IDR
BUD00828,CC003,CAT003,2025-06,238297000.00,177266690.89,138885020.95,IDR
BUD00829,CC004,CAT006,2025-06,443421000.00,228470435.97,159599546.42,IDR
BUD00830,CC004,CAT003,2025-06,518921000.00,210402796.60,188164900.63,IDR
BUD00831,CC004,CAT010,2025-06,765524000.00,624076747.39,368830034.62,IDR
BUD00832,CC004,CAT004,2025-06,507825000.00,232553781.86,250255378.27,IDR
BUD00833,CC005,CAT002,2025-06,481102000.00,153335164.16,134663360.10,IDR
BUD00834,CC005,CAT010,2025-06,394364000.00,257922648.05,280902866.13,IDR
BUD00835,CC005,CAT001,2025-06,518855000.00,324845565.64,373303855.12,IDR
BUD00836,CC005,CAT007,2025-06,451288000.00,345288726.91,254747845.35,IDR
BUD00837,CC006,CAT004,2025-06,475955000.00,168646284.37,124210115.53,IDR
BUD00838,CC006,CAT005,2025-06,59003000.00,26157710.47,29469281.17,IDR
BUD00839,CC006,CAT003,2025-06,884575000.00,628487878.56,623575583.57,IDR
BUD00840,CC006,CAT010,2025-06,169315000.00,66969746.21,58138594.15,IDR
BUD00841,CC007,CAT010,2025-06,84357000.00,63848415.23,41542169.43,IDR
BUD00842,CC007,CAT003,2025-06,274704000.00,120982718.64,113068106.62,IDR
BUD00843,CC007,CAT008,2025-06,490202000.00,379845899.41,285743074.37,IDR
BUD00844,CC007,CAT009,2025-06,830217000.00,688192764.76,361946763.53,IDR
BUD00845,CC008,CAT006,2025-06,680623000.00,440484817.88,383487887.85,IDR
BUD00846,CC008,CAT002,2025-06,370161000.00,195115975.68,172090580.57,IDR
BUD00847,CC008,CAT005,2025-06,813493000.00,282040042.70,187142358.57,IDR
BUD00848,CC008,CAT007,2025-06,876773000.00,380291128.86,290465387.50,IDR
BUD00849,CC009,CAT006,2025-06,55608000.00,46111296.12,36240442.57,IDR
BUD00850,CC009,CAT008,2025-06,245492000.00,149437059.74,101994705.60,IDR
BUD00851,CC009,CAT009,2025-06,177704000.00,70089018.60,62471266.03,IDR
BUD00852,CC009,CAT005,2025-06,744412000.00,518606370.90,399067029.51,IDR
BUD00853,CC010,CAT006,2025-06,456992000.00,194871612.00,117860313.08,IDR
BUD00854,CC010,CAT002,2025-06,758360000.00,237721306.50,125527265.68,IDR
BUD00855,CC010,CAT008,2025-06,537464000.00,213199867.38,193841591.50,IDR
BUD00856,CC010,CAT010,2025-06,83312000.00,53599739.91,28747834.73,IDR
BUD00857,CC011,CAT005,2025-06,873857000.00,596471739.38,638839627.42,IDR
BUD00858,CC011,CAT003,2025-06,668778000.00,530195151.08,591546690.73,IDR
BUD00859,CC011,CAT007,2025-06,234104000.00,155425283.28,125337862.00,IDR
BUD00860,CC011,CAT010,2025-06,459418000.00,198293211.05,152090586.26,IDR
BUD00861,CC012,CAT003,2025-06,665559000.00,336508470.50,267441989.47,IDR
BUD00862,CC012,CAT010,2025-06,552007000.00,241717391.53,181421042.31,IDR
BUD00863,CC012,CAT005,2025-06,142285000.00,59960197.98,63481936.22,IDR
BUD00864,CC012,CAT002,2025-06,478706000.00,264186834.80,157776281.33,IDR
BUD00865,CC001,CAT002,2025-07,559842000.00,462794275.33,391259917.81,IDR
BUD00866,CC001,CAT003,2025-07,689526000.00,245411942.62,227890805.38,IDR
BUD00867,CC001,CAT008,2025-07,816687000.00,509262812.59,255028699.42,IDR
BUD00868,CC001,CAT005,2025-07,847075000.00,598996902.06,467500871.05,IDR
BUD00869,CC002,CAT007,2025-07,500344000.00,218996442.88,223703799.32,IDR
BUD00870,CC002,CAT006,2025-07,721122000.00,381287414.77,336631511.64,IDR
BUD00871,CC002,CAT001,2025-07,680185000.00,514848035.49,490578069.26,IDR
BUD00872,CC002,CAT009,2025-07,133059000.00,50606311.29,40998288.33,IDR
BUD00873,CC003,CAT004,2025-07,795251000.00,433561320.33,270049590.35,IDR
BUD00874,CC003,CAT002,2025-07,652777000.00,505023203.84,442244600.02,IDR
BUD00875,CC003,CAT005,2025-07,150154000.00,45694329.45,42288044.68,IDR
BUD00876,CC003,CAT008,2025-07,634602000.00,310663715.94,228485509.36,IDR
BUD00877,CC004,CAT003,2025-07,776730000.00,430414776.44,317503491.98,IDR
BUD00878,CC004,CAT007,2025-07,284226000.00,201335302.28,199469273.42,IDR
BUD00879,CC004,CAT005,2025-07,401244000.00,309067439.75,251458518.24,IDR
BUD00880,CC004,CAT010,2025-07,364681000.00,230823677.00,153487466.52,IDR
BUD00881,CC005,CAT005,2025-07,167358000.00,136948769.56,79075006.58,IDR
BUD00882,CC005,CAT006,2025-07,245306000.00,188852640.13,210950167.81,IDR
BUD00883,CC005,CAT007,2025-07,135237000.00,81819213.44,82715357.19,IDR
BUD00884,CC005,CAT009,2025-07,730726000.00,488428380.21,461548647.61,IDR
BUD00885,CC006,CAT001,2025-07,54497000.00,19327532.75,11489512.44,IDR
BUD00886,CC006,CAT003,2025-07,836983000.00,469737006.78,254434128.54,IDR
BUD00887,CC006,CAT007,2025-07,238505000.00,83005426.44,43539746.89,IDR
BUD00888,CC006,CAT006,2025-07,376677000.00,335494474.32,301635578.18,IDR
BUD00889,CC007,CAT009,2025-07,747194000.00,511211297.08,401470504.25,IDR
BUD00890,CC007,CAT005,2025-07,221451000.00,153715900.80,157180878.70,IDR
BUD00891,CC007,CAT001,2025-07,293106000.00,93842461.53,83490201.61,IDR
BUD00892,CC007,CAT007,2025-07,488442000.00,214427299.98,130835793.27,IDR
BUD00893,CC008,CAT001,2025-07,50244000.00,19819592.74,22751527.76,IDR
BUD00894,CC008,CAT006,2025-07,712722000.00,364825712.69,276115796.39,IDR
BUD00895,CC008,CAT004,2025-07,548168000.00,334736388.55,327707460.33,IDR
BUD00896,CC008,CAT009,2025-07,108325000.00,38357829.91,26272081.75,IDR
BUD00897,CC009,CAT009,2025-07,285032000.00,189209384.94,118528587.36,IDR
BUD00898,CC009,CAT006,2025-07,840257000.00,541918738.38,362933751.72,IDR
BUD00899,CC009,CAT010,2025-07,396064000.00,144119361.89,78840623.87,IDR
BUD00900,CC009,CAT007,2025-07,300114000.00,260561759.59,266271308.12,IDR
BUD00901,CC010,CAT005,2025-07,426353000.00,224367485.38,182715777.97,IDR
BUD00902,CC010,CAT009,2025-07,256782000.00,129365862.10,129901336.29,IDR
BUD00903,CC010,CAT010,2025-07,629355000.00,527345550.28,559152466.50,IDR
BUD00904,CC010,CAT006,2025-07,459675000.00,209010480.24,156494007.40,IDR
BUD00905,CC011,CAT004,2025-07,862129000.00,525814658.56,266230517.16,IDR
BUD00906,CC011,CAT010,2025-07,757350000.00,340015740.27,190563905.80,IDR
BUD00907,CC011,CAT006,2025-07,622643000.00,493534744.73,271157234.31,IDR
BUD00908,CC011,CAT009,2025-07,841687000.00,493172418.29,359917059.27,IDR
BUD00909,CC012,CAT010,2025-07,630641000.00,533494837.60,439786240.63,IDR
BUD00910,CC012,CAT005,2025-07,219717000.00,162866860.76,173824970.51,IDR
BUD00911,CC012,CAT003,2025-07,225762000.00,95194790.31,63047703.06,IDR
BUD00912,CC012,CAT006,2025-07,575807000.00,226636104.18,129034821.38,IDR
BUD00913,CC001,CAT002,2025-08,778526000.00,681051317.25,715925835.26,IDR
BUD00914,CC001,CAT008,2025-08,365517000.00,178829244.73,193811340.73,IDR
BUD00915,CC001,CAT001,2025-08,798839000.00,515020792.18,349480991.87,IDR
BUD00916,CC001,CAT007,2025-08,205441000.00,155838789.84,129694785.62,IDR
BUD00917,CC002,CAT007,2025-08,496875000.00,275221805.49,305709603.90,IDR
BUD00918,CC002,CAT004,2025-08,77678000.00,39489427.18,41829573.98,IDR
BUD00919,CC002,CAT003,2025-08,709518000.00,407488689.53,235625981.63,IDR
BUD00920,CC002,CAT001,2025-08,490474000.00,240033443.26,121330206.99,IDR
BUD00921,CC003,CAT004,2025-08,357362000.00,292002353.47,181522996.52,IDR
BUD00922,CC003,CAT007,2025-08,273422000.00,126223882.16,141754775.48,IDR
BUD00923,CC003,CAT002,2025-08,341632000.00,140188077.81,108724668.28,IDR
BUD00924,CC003,CAT003,2025-08,406229000.00,305206939.66,225029287.52,IDR
BUD00925,CC004,CAT007,2025-08,535698000.00,475465976.34,449746948.50,IDR
BUD00926,CC004,CAT005,2025-08,742062000.00,543552456.87,555867685.56,IDR
BUD00927,CC004,CAT008,2025-08,522039000.00,424827634.60,266554313.77,IDR
BUD00928,CC004,CAT002,2025-08,730032000.00,542505182.13,438041233.79,IDR
BUD00929,CC005,CAT001,2025-08,164301000.00,137349432.93,124977516.55,IDR
BUD00930,CC005,CAT003,2025-08,503885000.00,246619634.37,201316379.05,IDR
BUD00931,CC005,CAT007,2025-08,263328000.00,214638966.02,113975662.21,IDR
BUD00932,CC005,CAT004,2025-08,134129000.00,53384029.84,34168649.09,IDR
BUD00933,CC006,CAT005,2025-08,682904000.00,311309623.50,228563300.51,IDR
BUD00934,CC006,CAT008,2025-08,523868000.00,411765239.88,297990872.21,IDR
BUD00935,CC006,CAT002,2025-08,399997000.00,204260185.60,192358108.69,IDR
BUD00936,CC006,CAT004,2025-08,564740000.00,364885434.24,336574908.97,IDR
BUD00937,CC007,CAT009,2025-08,326327000.00,197841198.41,198550229.34,IDR
BUD00938,CC007,CAT003,2025-08,429891000.00,149191312.67,134105303.77,IDR
BUD00939,CC007,CAT005,2025-08,444189000.00,388201934.22,413189511.67,IDR
BUD00940,CC007,CAT010,2025-08,594494000.00,509564587.27,394495077.58,IDR
BUD00941,CC008,CAT010,2025-08,187700000.00,82011904.33,57898014.40,IDR
BUD00942,CC008,CAT007,2025-08,297653000.00,137064275.74,125964644.91,IDR
BUD00943,CC008,CAT002,2025-08,280561000.00,159060981.92,168735741.18,IDR
BUD00944,CC008,CAT001,2025-08,358690000.00,233920352.14,263766699.31,IDR
BUD00945,CC009,CAT007,2025-08,69636000.00,51298295.99,47723556.60,IDR
BUD00946,CC009,CAT003,2025-08,849372000.00,611903010.89,337796210.66,IDR
BUD00947,CC009,CAT009,2025-08,191874000.00,69421085.48,37589092.19,IDR
BUD00948,CC009,CAT010,2025-08,796887000.00,501289932.49,259235668.91,IDR
BUD00949,CC010,CAT007,2025-08,273084000.00,107366966.32,99383291.75,IDR
BUD00950,CC010,CAT009,2025-08,802651000.00,389785298.67,257573141.34,IDR
BUD00951,CC010,CAT002,2025-08,291549000.00,197054590.27,115341987.35,IDR
BUD00952,CC010,CAT001,2025-08,762740000.00,241897480.82,225280802.16,IDR
BUD00953,CC011,CAT006,2025-08,509497000.00,236125700.18,186338408.82,IDR
BUD00954,CC011,CAT008,2025-08,874111000.00,628113198.33,386335981.77,IDR
BUD00955,CC011,CAT009,2025-08,557947000.00,378638743.27,345811990.52,IDR
BUD00956,CC011,CAT007,2025-08,529387000.00,325083789.27,297677067.82,IDR
BUD00957,CC012,CAT005,2025-08,243059000.00,85977846.70,60194321.72,IDR
BUD00958,CC012,CAT006,2025-08,400373000.00,157518958.96,79840261.50,IDR
BUD00959,CC012,CAT008,2025-08,494819000.00,373576503.61,219885372.53,IDR
BUD00960,CC012,CAT010,2025-08,293748000.00,182434936.90,172775093.91,IDR
BUD00961,CC001,CAT008,2025-09,700989000.00,545915418.33,484801518.70,IDR
BUD00962,CC001,CAT010,2025-09,727252000.00,457388649.46,284756971.35,IDR
BUD00963,CC001,CAT005,2025-09,799838000.00,449719969.14,297909112.91,IDR
BUD00964,CC001,CAT001,2025-09,657697000.00,452228826.43,469629441.28,IDR
BUD00965,CC002,CAT004,2025-09,581525000.00,354710499.73,361795272.90,IDR
BUD00966,CC002,CAT005,2025-09,571234000.00,409206180.85,276914866.40,IDR
BUD00967,CC002,CAT002,2025-09,601188000.00,372235505.64,251160069.35,IDR
BUD00968,CC002,CAT010,2025-09,209801000.00,71558583.45,42134096.19,IDR
BUD00969,CC003,CAT002,2025-09,645402000.00,384141726.87,272133075.22,IDR
BUD00970,CC003,CAT008,2025-09,179327000.00,158135880.10,81342736.65,IDR
BUD00971,CC003,CAT009,2025-09,876483000.00,411306057.74,239082126.90,IDR
BUD00972,CC003,CAT003,2025-09,422654000.00,128876694.71,71994135.24,IDR
BUD00973,CC004,CAT001,2025-09,407207000.00,314133814.81,258832831.46,IDR
BUD00974,CC004,CAT008,2025-09,365688000.00,262622816.49,136729088.19,IDR
BUD00975,CC004,CAT004,2025-09,118190000.00,88682891.31,52762514.66,IDR
BUD00976,CC004,CAT003,2025-09,276528000.00,148067765.17,126312874.40,IDR
BUD00977,CC005,CAT003,2025-09,374341000.00,115135796.61,130505162.06,IDR
BUD00978,CC005,CAT004,2025-09,657480000.00,349042153.66,395720237.73,IDR
BUD00979,CC005,CAT005,2025-09,260088000.00,233226435.30,146808325.80,IDR
BUD00980,CC005,CAT007,2025-09,675024000.00,240562476.14,224421966.73,IDR
BUD00981,CC006,CAT004,2025-09,867032000.00,747146746.64,450602285.47,IDR
BUD00982,CC006,CAT008,2025-09,669002000.00,499633939.56,428299685.12,IDR
BUD00983,CC006,CAT007,2025-09,153820000.00,90559641.61,62869084.56,IDR
BUD00984,CC006,CAT006,2025-09,356363000.00,118046137.77,110178552.72,IDR
BUD00985,CC007,CAT002,2025-09,62808000.00,48778843.25,42927965.34,IDR
BUD00986,CC007,CAT004,2025-09,386437000.00,172294327.60,194648259.58,IDR
BUD00987,CC007,CAT007,2025-09,543915000.00,388600533.39,368185113.04,IDR
BUD00988,CC007,CAT003,2025-09,181743000.00,138575075.50,91690896.30,IDR
BUD00989,CC008,CAT008,2025-09,581362000.00,195259194.04,179438060.65,IDR
BUD00990,CC008,CAT002,2025-09,646129000.00,500672275.80,291285045.63,IDR
BUD00991,CC008,CAT006,2025-09,247773000.00,220271541.56,223039294.62,IDR
BUD00992,CC008,CAT007,2025-09,693193000.00,542988631.42,426336908.85,IDR
BUD00993,CC009,CAT004,2025-09,665739000.00,299860658.91,157627018.74,IDR
BUD00994,CC009,CAT001,2025-09,650632000.00,413421250.55,352556195.76,IDR
BUD00995,CC009,CAT007,2025-09,466578000.00,298619736.98,254828154.06,IDR
BUD00996,CC009,CAT003,2025-09,325129000.00,188911924.37,200998546.31,IDR
BUD00997,CC010,CAT010,2025-09,501467000.00,285650907.91,294969428.53,IDR
BUD00998,CC010,CAT009,2025-09,510365000.00,292157111.11,293427012.83,IDR
BUD00999,CC010,CAT003,2025-09,480064000.00,355340801.99,381602634.28,IDR
BUD01000,CC010,CAT001,2025-09,576774000.00,299025664.64,270058526.21,IDR
BUD01001,CC011,CAT006,2025-09,495459000.00,296546825.43,254571830.63,IDR
BUD01002,CC011,CAT002,2025-09,571083000.00,281863739.16,258352795.34,IDR
BUD01003,CC011,CAT007,2025-09,143895000.00,88340064.95,47998858.56,IDR
BUD01004,CC011,CAT009,2025-09,759914000.00,287144569.09,306604444.24,IDR
BUD01005,CC012,CAT004,2025-09,133941000.00,86071465.55,89823724.61,IDR
BUD01006,CC012,CAT002,2025-09,609233000.00,374978535.73,358424776.04,IDR
BUD01007,CC012,CAT008,2025-09,267548000.00,139074771.22,124314745.69,IDR
BUD01008,CC012,CAT009,2025-09,110243000.00,94602453.20,60136864.82,IDR
BUD01009,CC001,CAT008,2025-10,593079000.00,306358296.89,301229962.11,IDR
BUD01010,CC001,CAT002,2025-10,806866000.00,640018948.24,650427080.47,IDR
BUD01011,CC001,CAT010,2025-10,99555000.00,66717778.33,56300700.62,IDR
BUD01012,CC001,CAT007,2025-10,674155000.00,539778312.33,297233242.49,IDR
BUD01013,CC002,CAT004,2025-10,666396000.00,412496878.81,257047128.29,IDR
BUD01014,CC002,CAT009,2025-10,497263000.00,223399290.07,202502807.50,IDR
BUD01015,CC002,CAT002,2025-10,202063000.00,151449575.73,116596483.38,IDR
BUD01016,CC002,CAT001,2025-10,139687000.00,95430607.55,69919733.74,IDR
BUD01017,CC003,CAT008,2025-10,723592000.00,455847967.13,377465049.28,IDR
BUD01018,CC003,CAT007,2025-10,608902000.00,377726440.94,336155842.60,IDR
BUD01019,CC003,CAT002,2025-10,843492000.00,709790911.72,608683235.26,IDR
BUD01020,CC003,CAT010,2025-10,897323000.00,724061063.53,556095651.26,IDR
BUD01021,CC004,CAT007,2025-10,513782000.00,269754994.04,231356762.21,IDR
BUD01022,CC004,CAT006,2025-10,682892000.00,352375773.16,279808302.18,IDR
BUD01023,CC004,CAT004,2025-10,865851000.00,259856930.74,135783272.37,IDR
BUD01024,CC004,CAT005,2025-10,291810000.00,90397330.39,53136067.07,IDR
BUD01025,CC005,CAT005,2025-10,232599000.00,113727607.51,113897061.28,IDR
BUD01026,CC005,CAT001,2025-10,851846000.00,675856724.60,741700615.56,IDR
BUD01027,CC005,CAT010,2025-10,484581000.00,311295281.69,271308683.56,IDR
BUD01028,CC005,CAT002,2025-10,130144000.00,74991820.79,45105301.89,IDR
BUD01029,CC006,CAT005,2025-10,267807000.00,128595955.99,111983500.07,IDR
BUD01030,CC006,CAT006,2025-10,533705000.00,229739918.19,126398541.97,IDR
BUD01031,CC006,CAT004,2025-10,325988000.00,192176414.41,157081092.07,IDR
BUD01032,CC006,CAT002,2025-10,814170000.00,587593602.33,606799053.47,IDR
BUD01033,CC007,CAT002,2025-10,737090000.00,389867293.55,392627257.77,IDR
BUD01034,CC007,CAT005,2025-10,833591000.00,417323818.88,447314848.00,IDR
BUD01035,CC007,CAT001,2025-10,419159000.00,359700310.98,208033158.13,IDR
BUD01036,CC007,CAT006,2025-10,704832000.00,527642306.02,555164555.43,IDR
BUD01037,CC008,CAT001,2025-10,495726000.00,243693906.73,211329742.93,IDR
BUD01038,CC008,CAT007,2025-10,327807000.00,235582169.22,141249971.54,IDR
BUD01039,CC008,CAT010,2025-10,622590000.00,559347545.51,632720608.12,IDR
BUD01040,CC008,CAT003,2025-10,689914000.00,445100026.34,248612364.13,IDR
BUD01041,CC009,CAT007,2025-10,162361000.00,56749564.22,49453635.03,IDR
BUD01042,CC009,CAT005,2025-10,91914000.00,49588961.46,27536816.84,IDR
BUD01043,CC009,CAT010,2025-10,476550000.00,364224821.30,212978229.25,IDR
BUD01044,CC009,CAT002,2025-10,164640000.00,104641513.58,85503597.33,IDR
BUD01045,CC010,CAT010,2025-10,110897000.00,84954103.96,60335897.00,IDR
BUD01046,CC010,CAT004,2025-10,835517000.00,295569810.97,276841298.79,IDR
BUD01047,CC010,CAT009,2025-10,410010000.00,208688822.63,147851843.67,IDR
BUD01048,CC010,CAT002,2025-10,554796000.00,174496711.59,121821782.03,IDR
BUD01049,CC011,CAT006,2025-10,88146000.00,69714949.24,43906153.57,IDR
BUD01050,CC011,CAT008,2025-10,367748000.00,277517449.85,292585730.00,IDR
BUD01051,CC011,CAT003,2025-10,145516000.00,48416492.13,54072099.79,IDR
BUD01052,CC011,CAT004,2025-10,837720000.00,687978732.01,710741933.63,IDR
BUD01053,CC012,CAT001,2025-10,432552000.00,135669445.62,86266258.38,IDR
BUD01054,CC012,CAT006,2025-10,507305000.00,214225167.19,179975452.21,IDR
BUD01055,CC012,CAT002,2025-10,269859000.00,159167101.49,155100434.46,IDR
BUD01056,CC012,CAT003,2025-10,170145000.00,122377325.37,62651381.72,IDR
BUD01057,CC001,CAT010,2025-11,194772000.00,91622331.25,92810903.91,IDR
BUD01058,CC001,CAT009,2025-11,575270000.00,190904010.60,176699342.70,IDR
BUD01059,CC001,CAT001,2025-11,57084000.00,30436451.75,20585747.30,IDR
BUD01060,CC001,CAT003,2025-11,774271000.00,538939245.69,572236786.62,IDR
BUD01061,CC002,CAT001,2025-11,882824000.00,534218166.11,513542704.49,IDR
BUD01062,CC002,CAT005,2025-11,818291000.00,483444106.13,429355976.14,IDR
BUD01063,CC002,CAT007,2025-11,124818000.00,52339322.83,59060445.15,IDR
BUD01064,CC002,CAT002,2025-11,526584000.00,383080125.73,201438494.03,IDR
BUD01065,CC003,CAT009,2025-11,384390000.00,151527748.96,109919280.23,IDR
BUD01066,CC003,CAT005,2025-11,349126000.00,235708432.63,154043262.13,IDR
BUD01067,CC003,CAT006,2025-11,881508000.00,529566703.82,544251778.67,IDR
BUD01068,CC003,CAT004,2025-11,581924000.00,481371236.46,519284687.76,IDR
BUD01069,CC004,CAT001,2025-11,178952000.00,150016390.18,139066040.29,IDR
BUD01070,CC004,CAT009,2025-11,124626000.00,65967566.86,74173516.63,IDR
BUD01071,CC004,CAT005,2025-11,570581000.00,385321771.24,249622303.84,IDR
BUD01072,CC004,CAT002,2025-11,254307000.00,99599207.49,112631680.38,IDR
BUD01073,CC005,CAT010,2025-11,162006000.00,112024490.10,98320529.23,IDR
BUD01074,CC005,CAT006,2025-11,631441000.00,266080485.61,156926625.13,IDR
BUD01075,CC005,CAT008,2025-11,635252000.00,533094522.51,581721147.21,IDR
BUD01076,CC005,CAT005,2025-11,415555000.00,351310719.42,351497791.87,IDR
BUD01077,CC006,CAT010,2025-11,523739000.00,455213480.77,262636209.33,IDR
BUD01078,CC006,CAT003,2025-11,319958000.00,264855752.47,257599154.21,IDR
BUD01079,CC006,CAT006,2025-11,700620000.00,580168807.11,446222972.55,IDR
BUD01080,CC006,CAT001,2025-11,399564000.00,226074386.92,250252938.80,IDR
BUD01081,CC007,CAT005,2025-11,161814000.00,51087743.40,58284531.83,IDR
BUD01082,CC007,CAT003,2025-11,574405000.00,381038855.57,342186348.29,IDR
BUD01083,CC007,CAT004,2025-11,556907000.00,244230131.68,126255968.26,IDR
BUD01084,CC007,CAT001,2025-11,117554000.00,90269216.98,53002140.16,IDR
BUD01085,CC008,CAT010,2025-11,774310000.00,460611744.16,271476855.75,IDR
BUD01086,CC008,CAT008,2025-11,214271000.00,68424815.16,68216136.93,IDR
BUD01087,CC008,CAT006,2025-11,62762000.00,28990723.14,22278750.75,IDR
BUD01088,CC008,CAT002,2025-11,681012000.00,608106975.73,603579487.53,IDR
BUD01089,CC009,CAT002,2025-11,574500000.00,409456274.12,435417312.11,IDR
BUD01090,CC009,CAT003,2025-11,804449000.00,447702745.12,449735121.92,IDR
BUD01091,CC009,CAT008,2025-11,566740000.00,450329965.48,435978216.88,IDR
BUD01092,CC009,CAT007,2025-11,385028000.00,332465317.32,289829098.37,IDR
BUD01093,CC010,CAT009,2025-11,142919000.00,82055551.02,87844449.41,IDR
BUD01094,CC010,CAT010,2025-11,796113000.00,356207219.74,302638976.78,IDR
BUD01095,CC010,CAT001,2025-11,886256000.00,286748991.43,215580358.87,IDR
BUD01096,CC010,CAT005,2025-11,700386000.00,614627507.24,383160460.40,IDR
BUD01097,CC011,CAT008,2025-11,753478000.00,434612363.05,336650918.34,IDR
BUD01098,CC011,CAT007,2025-11,571164000.00,190042255.44,158881078.64,IDR
BUD01099,CC011,CAT005,2025-11,170904000.00,136370471.69,108224118.69,IDR
BUD01100,CC011,CAT009,2025-11,664250000.00,244379535.70,245888638.52,IDR
BUD01101,CC012,CAT009,2025-11,324942000.00,102339595.05,81348974.33,IDR
BUD01102,CC012,CAT003,2025-11,812125000.00,680135963.42,730232391.74,IDR
BUD01103,CC012,CAT007,2025-11,126653000.00,62622925.88,57711702.86,IDR
BUD01104,CC012,CAT004,2025-11,654749000.00,260849655.14,254751124.61,IDR
BUD01105,CC001,CAT002,2025-12,358502000.00,220224331.12,165092665.86,IDR
BUD01106,CC001,CAT010,2025-12,722407000.00,438500955.73,489954670.13,IDR
BUD01107,CC001,CAT008,2025-12,371877000.00,196486495.67,196362554.04,IDR
BUD01108,CC001,CAT006,2025-12,825415000.00,527683638.77,490057009.89,IDR
BUD01109,CC002,CAT003,2025-12,703783000.00,232801770.44,163017212.68,IDR
BUD01110,CC002,CAT010,2025-12,670637000.00,587866758.90,404280290.53,IDR
BUD01111,CC002,CAT009,2025-12,203592000.00,170839167.14,192071404.22,IDR
BUD01112,CC002,CAT002,2025-12,53003000.00,40241864.38,20440253.28,IDR
BUD01113,CC003,CAT008,2025-12,800297000.00,354313099.85,312773613.67,IDR
BUD01114,CC003,CAT010,2025-12,454355000.00,248119094.26,136865766.65,IDR
BUD01115,CC003,CAT001,2025-12,560087000.00,250262499.63,214167651.40,IDR
BUD01116,CC003,CAT005,2025-12,576801000.00,365997070.72,379324534.92,IDR
BUD01117,CC004,CAT001,2025-12,605285000.00,194921521.11,205640067.79,IDR
BUD01118,CC004,CAT003,2025-12,616947000.00,495290395.27,343725098.18,IDR
BUD01119,CC004,CAT009,2025-12,832327000.00,274184176.24,211402032.07,IDR
BUD01120,CC004,CAT010,2025-12,201511000.00,141713476.67,127146513.37,IDR
BUD01121,CC005,CAT010,2025-12,686935000.00,354536213.18,185527392.04,IDR
BUD01122,CC005,CAT009,2025-12,703235000.00,347182274.57,376135316.27,IDR
BUD01123,CC005,CAT003,2025-12,747225000.00,564203588.62,591370702.05,IDR
BUD01124,CC005,CAT004,2025-12,105187000.00,61270386.84,35494860.25,IDR
BUD01125,CC006,CAT005,2025-12,228369000.00,97155157.99,52251985.30,IDR
BUD01126,CC006,CAT006,2025-12,535662000.00,475458930.37,401199522.35,IDR
BUD01127,CC006,CAT007,2025-12,124519000.00,91452292.54,81676565.00,IDR
BUD01128,CC006,CAT010,2025-12,719957000.00,521308901.37,405361900.39,IDR
BUD01129,CC007,CAT006,2025-12,572146000.00,342050709.18,333147157.82,IDR
BUD01130,CC007,CAT005,2025-12,473080000.00,371267609.21,398883011.08,IDR
BUD01131,CC007,CAT010,2025-12,247813000.00,117535931.18,73555282.63,IDR
BUD01132,CC007,CAT002,2025-12,150476000.00,87115278.43,88672565.05,IDR
BUD01133,CC008,CAT004,2025-12,333723000.00,212331026.13,194150671.09,IDR
BUD01134,CC008,CAT007,2025-12,59603000.00,25075714.22,17128151.09,IDR
BUD01135,CC008,CAT009,2025-12,721666000.00,349765190.71,290077151.49,IDR
BUD01136,CC008,CAT001,2025-12,325335000.00,98797328.56,93441847.72,IDR
BUD01137,CC009,CAT006,2025-12,199285000.00,99305488.99,71466084.52,IDR
BUD01138,CC009,CAT007,2025-12,621602000.00,528173871.71,537794743.37,IDR
BUD01139,CC009,CAT001,2025-12,598804000.00,352634067.14,320079001.85,IDR
BUD01140,CC009,CAT009,2025-12,808250000.00,502877410.93,360976104.51,IDR
BUD01141,CC010,CAT007,2025-12,666220000.00,325982581.81,276539356.01,IDR
BUD01142,CC010,CAT001,2025-12,227023000.00,161480547.31,164661385.77,IDR
BUD01143,CC010,CAT005,2025-12,804825000.00,412197018.49,465885119.60,IDR
BUD01144,CC010,CAT008,2025-12,288391000.00,91911336.08,104719382.95,IDR
BUD01145,CC011,CAT009,2025-12,555913000.00,455157223.36,449923432.18,IDR
BUD01146,CC011,CAT003,2025-12,649476000.00,317398686.76,165224533.59,IDR
BUD01147,CC011,CAT007,2025-12,401789000.00,240363302.49,157309960.07,IDR
BUD01148,CC011,CAT002,2025-12,434120000.00,377873697.97,242024673.03,IDR
BUD01149,CC012,CAT005,2025-12,717202000.00,549860294.60,601371207.00,IDR
BUD01150,CC012,CAT003,2025-12,427208000.00,134553801.12,109490609.13,IDR
BUD01151,CC012,CAT002,2025-12,475046000.00,196729378.24,216473905.72,IDR
BUD01152,CC012,CAT009,2025-12,672575000.00,413079945.73,414772163.24,IDR
