demand_id,item_id,period,quantity_used,source
DH000001,ITM0007,2024-01,440.8,sales
DH000002,ITM0007,2024-02,537.52,sales
DH000003,ITM0007,2024-03,646.42,sales
DH000004,ITM0007,2024-04,533.97,production
DH000005,ITM0007,2024-05,473.5,production
DH000006,ITM0007,2024-06,545.66,production
DH000007,ITM0007,2024-07,695.65,sales
DH000008,ITM0007,2024-08,582.61,production
DH000009,ITM0007,2024-09,517.44,production
DH000010,ITM0007,2024-10,494.62,production
DH000011,ITM0007,2024-11,531.94,sales
DH000012,ITM0007,2024-12,689.74,sales
DH000013,ITM0007,2025-01,634.84,sales
DH000014,ITM0007,2025-02,526.64,production
DH000015,ITM0007,2025-03,777.78,sales
DH000016,ITM0007,2025-04,726.73,sales
DH000017,ITM0007,2025-05,620.74,production
DH000018,ITM0007,2025-06,630.45,production
DH000019,ITM0007,2025-07,691.31,sales
DH000020,ITM0007,2025-08,602.5,sales
DH000021,ITM0007,2025-09,548.23,production
DH000022,ITM0007,2025-10,723.45,production
DH000023,ITM0007,2025-11,538.46,sales
DH000024,ITM0007,2025-12,532.27,production
DH000025,ITM0037,2024-01,166.05,sales
DH000026,ITM0037,2024-02,141.8,sales
DH000027,ITM0037,2024-03,119.07,production
DH000028,ITM0037,2024-04,115.92,production
DH000029,ITM0037,2024-05,194.75,production
DH000030,ITM0037,2024-06,166.02,production
DH000031,ITM0037,2024-07,129.83,production
DH000032,ITM0037,2024-08,214.2,production
DH000033,ITM0037,2024-09,144.58,production
DH000034,ITM0037,2024-10,136.91,production
DH000035,ITM0037,2024-11,148.56,sales
DH000036,ITM0037,2024-12,129.54,production
DH000037,ITM0037,2025-01,132.33,production
DH000038,ITM0037,2025-02,145.42,production
DH000039,ITM0037,2025-03,207.68,production
DH000040,ITM0037,2025-04,173.66,sales
DH000041,ITM0037,2025-05,209.17,production
DH000042,ITM0037,2025-06,222.43,sales
DH000043,ITM0037,2025-07,197.47,production
DH000044,ITM0037,2025-08,213.16,sales
DH000045,ITM0037,2025-09,232.35,production
DH000046,ITM0037,2025-10,184.67,sales
DH000047,ITM0037,2025-11,162.25,sales
DH000048,ITM0037,2025-12,178.34,sales
DH000049,ITM0040,2024-01,316.17,production
DH000050,ITM0040,2024-02,390.83,sales
DH000051,ITM0040,2024-03,518.79,production
DH000052,ITM0040,2024-04,432.82,production
DH000053,ITM0040,2024-05,419.95,production
DH000054,ITM0040,2024-06,391.3,sales
DH000055,ITM0040,2024-07,356.92,sales
DH000056,ITM0040,2024-08,385.33,production
DH000057,ITM0040,2024-09,303.94,sales
DH000058,ITM0040,2024-10,418.46,production
DH000059,ITM0040,2024-11,420.22,sales
DH000060,ITM0040,2024-12,464.43,sales
DH000061,ITM0040,2025-01,507.31,sales
DH000062,ITM0040,2025-02,352.88,sales
DH000063,ITM0040,2025-03,439.3,sales
DH000064,ITM0040,2025-04,549.68,production
DH000065,ITM0040,2025-05,514.13,sales
DH000066,ITM0040,2025-06,346.03,production
DH000067,ITM0040,2025-07,431.44,sales
DH000068,ITM0040,2025-08,508.66,sales
DH000069,ITM0040,2025-09,578.83,sales
DH000070,ITM0040,2025-10,363.83,production
DH000071,ITM0040,2025-11,573.67,sales
DH000072,ITM0040,2025-12,400.61,production
DH000073,ITM0010,2024-01,409.46,sales
DH000074,ITM0010,2024-02,451.31,production
DH000075,ITM0010,2024-03,730.12,sales
DH000076,ITM0010,2024-04,517.41,production
DH000077,ITM0010,2024-05,611.1,production
DH000078,ITM0010,2024-06,572.4,sales
DH000079,ITM0010,2024-07,442.92,sales
DH000080,ITM0010,2024-08,739.38,sales
DH000081,ITM0010,2024-09,493.71,production
DH000082,ITM0010,2024-10,767.47,production
DH000083,ITM0010,2024-11,630.42,production
DH000084,ITM0010,2024-12,754.0,sales
DH000085,ITM0010,2025-01,682.0,production
DH000086,ITM0010,2025-02,617.91,sales
DH000087,ITM0010,2025-03,811.33,sales
DH000088,ITM0010,2025-04,705.76,production
DH000089,ITM0010,2025-05,788.91,sales
DH000090,ITM0010,2025-06,792.09,sales
DH000091,ITM0010,2025-07,580.1,sales
DH000092,ITM0010,2025-08,640.97,production
DH000093,ITM0010,2025-09,613.48,sales
DH000094,ITM0010,2025-10,534.86,sales
DH000095,ITM0010,2025-11,557.47,sales
DH000096,ITM0010,2025-12,648.4,sales
DH000097,ITM0027,2024-01,384.79,production
DH000098,ITM0027,2024-02,571.54,production
DH000099,ITM0027,2024-03,464.44,production
DH000100,ITM0027,2024-04,586.16,sales
DH000101,ITM0027,2024-05,468.8,production
DH000102,ITM0027,2024-06,476.05,production
DH000103,ITM0027,2024-07,683.63,production
DH000104,ITM0027,2024-08,531.76,production
DH000105,ITM0027,2024-09,464.74,production
DH000106,ITM0027,2024-10,637.71,sales
DH000107,ITM0027,2024-11,553.13,production
DH000108,ITM0027,2024-12,525.27,production
DH000109,ITM0027,2025-01,440.44,sales
DH000110,ITM0027,2025-02,402.34,sales
DH000111,ITM0027,2025-03,573.94,sales
DH000112,ITM0027,2025-04,616.09,production
DH000113,ITM0027,2025-05,592.22,sales
DH000114,ITM0027,2025-06,447.06,sales
DH000115,ITM0027,2025-07,435.74,sales
DH000116,ITM0027,2025-08,670.72,production
DH000117,ITM0027,2025-09,450.62,sales
DH000118,ITM0027,2025-10,653.21,production
DH000119,ITM0027,2025-11,553.94,sales
DH000120,ITM0027,2025-12,622.8,sales
DH000121,ITM0004,2024-01,560.24,sales
DH000122,ITM0004,2024-02,562.09,sales
DH000123,ITM0004,2024-03,747.05,production
DH000124,ITM0004,2024-04,896.99,production
DH000125,ITM0004,2024-05,764.24,sales
DH000126,ITM0004,2024-06,622.86,sales
DH000127,ITM0004,2024-07,847.5,production
DH000128,ITM0004,2024-08,889.02,production
DH000129,ITM0004,2024-09,837.45,sales
DH000130,ITM0004,2024-10,883.3,sales
DH000131,ITM0004,2024-11,897.16,production
DH000132,ITM0004,2024-12,1044.02,production
DH000133,ITM0004,2025-01,884.81,sales
DH000134,ITM0004,2025-02,1073.03,sales
DH000135,ITM0004,2025-03,803.11,production
DH000136,ITM0004,2025-04,691.32,sales
DH000137,ITM0004,2025-05,912.2,sales
DH000138,ITM0004,2025-06,1067.42,production
DH000139,ITM0004,2025-07,944.63,sales
DH000140,ITM0004,2025-08,652.74,production
DH000141,ITM0004,2025-09,697.62,sales
DH000142,ITM0004,2025-10,734.64,production
DH000143,ITM0004,2025-11,831.58,production
DH000144,ITM0004,2025-12,845.31,sales
DH000145,ITM0017,2024-01,464.89,production
DH000146,ITM0017,2024-02,446.28,sales
DH000147,ITM0017,2024-03,402.04,production
DH000148,ITM0017,2024-04,521.38,sales
DH000149,ITM0017,2024-05,409.53,production
DH000150,ITM0017,2024-06,421.26,sales
DH000151,ITM0017,2024-07,550.12,production
DH000152,ITM0017,2024-08,584.93,sales
DH000153,ITM0017,2024-09,464.18,sales
DH000154,ITM0017,2024-10,417.43,sales
DH000155,ITM0017,2024-11,684.74,sales
DH000156,ITM0017,2024-12,445.56,sales
DH000157,ITM0017,2025-01,476.45,sales
DH000158,ITM0017,2025-02,457.85,production
DH000159,ITM0017,2025-03,671.54,sales
DH000160,ITM0017,2025-04,731.6,production
DH000161,ITM0017,2025-05,566.68,production
DH000162,ITM0017,2025-06,732.26,production
DH000163,ITM0017,2025-07,678.62,sales
DH000164,ITM0017,2025-08,583.7,production
DH000165,ITM0017,2025-09,804.35,production
DH000166,ITM0017,2025-10,719.65,sales
DH000167,ITM0017,2025-11,490.43,production
DH000168,ITM0017,2025-12,580.33,production
DH000169,ITM0023,2024-01,200.41,sales
DH000170,ITM0023,2024-02,181.07,production
DH000171,ITM0023,2024-03,221.02,sales
DH000172,ITM0023,2024-04,208.2,production
DH000173,ITM0023,2024-05,140.89,sales
DH000174,ITM0023,2024-06,197.74,sales
DH000175,ITM0023,2024-07,151.64,sales
DH000176,ITM0023,2024-08,182.29,sales
DH000177,ITM0023,2024-09,174.4,sales
DH000178,ITM0023,2024-10,179.83,production
DH000179,ITM0023,2024-11,192.62,sales
DH000180,ITM0023,2024-12,205.35,production
DH000181,ITM0023,2025-01,144.0,production
DH000182,ITM0023,2025-02,148.06,production
DH000183,ITM0023,2025-03,151.19,sales
DH000184,ITM0023,2025-04,213.3,sales
DH000185,ITM0023,2025-05,148.93,sales
DH000186,ITM0023,2025-06,246.88,sales
DH000187,ITM0023,2025-07,214.3,sales
DH000188,ITM0023,2025-08,199.95,production
DH000189,ITM0023,2025-09,248.84,production
DH000190,ITM0023,2025-10,264.58,sales
DH000191,ITM0023,2025-11,166.83,sales
DH000192,ITM0023,2025-12,156.61,production
DH000193,ITM0036,2024-01,858.99,sales
DH000194,ITM0036,2024-02,665.54,sales
DH000195,ITM0036,2024-03,613.79,sales
DH000196,ITM0036,2024-04,763.86,production
DH000197,ITM0036,2024-05,854.81,production
DH000198,ITM0036,2024-06,903.24,production
DH000199,ITM0036,2024-07,795.03,sales
DH000200,ITM0036,2024-08,869.57,production
DH000201,ITM0036,2024-09,888.16,production
DH000202,ITM0036,2024-10,696.75,production
DH000203,ITM0036,2024-11,620.72,production
DH000204,ITM0036,2024-12,931.59,sales
DH000205,ITM0036,2025-01,777.7,production
DH000206,ITM0036,2025-02,868.06,production
DH000207,ITM0036,2025-03,644.88,sales
DH000208,ITM0036,2025-04,797.17,production
DH000209,ITM0036,2025-05,686.72,production
DH000210,ITM0036,2025-06,980.5,production
DH000211,ITM0036,2025-07,682.3,sales
DH000212,ITM0036,2025-08,776.12,production
DH000213,ITM0036,2025-09,930.82,sales
DH000214,ITM0036,2025-10,843.49,sales
DH000215,ITM0036,2025-11,927.49,sales
DH000216,ITM0036,2025-12,936.37,production
DH000217,ITM0011,2024-01,517.35,sales
DH000218,ITM0011,2024-02,696.22,production
DH000219,ITM0011,2024-03,641.5,production
DH000220,ITM0011,2024-04,556.27,sales
DH000221,ITM0011,2024-05,502.59,sales
DH000222,ITM0011,2024-06,670.08,production
DH000223,ITM0011,2024-07,496.85,sales
DH000224,ITM0011,2024-08,811.69,production
DH000225,ITM0011,2024-09,489.27,sales
DH000226,ITM0011,2024-10,623.75,sales
DH000227,ITM0011,2024-11,513.81,production
DH000228,ITM0011,2024-12,664.36,sales
DH000229,ITM0011,2025-01,554.27,sales
DH000230,ITM0011,2025-02,725.09,production
DH000231,ITM0011,2025-03,833.76,production
DH000232,ITM0011,2025-04,554.83,sales
DH000233,ITM0011,2025-05,635.87,production
DH000234,ITM0011,2025-06,598.7,sales
DH000235,ITM0011,2025-07,902.99,production
DH000236,ITM0011,2025-08,931.54,production
DH000237,ITM0011,2025-09,778.55,sales
DH000238,ITM0011,2025-10,821.62,sales
DH000239,ITM0011,2025-11,927.09,production
DH000240,ITM0011,2025-12,926.06,production
DH000241,ITM0009,2024-01,886.5,sales
DH000242,ITM0009,2024-02,1059.34,sales
DH000243,ITM0009,2024-03,796.79,production
DH000244,ITM0009,2024-04,719.31,production
DH000245,ITM0009,2024-05,1036.14,production
DH000246,ITM0009,2024-06,623.06,production
DH000247,ITM0009,2024-07,819.24,sales
DH000248,ITM0009,2024-08,858.23,sales
DH000249,ITM0009,2024-09,745.32,sales
DH000250,ITM0009,2024-10,673.44,production
DH000251,ITM0009,2024-11,756.43,production
DH000252,ITM0009,2024-12,710.12,sales
DH000253,ITM0009,2025-01,977.63,sales
DH000254,ITM0009,2025-02,1054.97,sales
DH000255,ITM0009,2025-03,665.91,sales
DH000256,ITM0009,2025-04,795.85,production
DH000257,ITM0009,2025-05,1150.21,sales
DH000258,ITM0009,2025-06,1002.66,production
DH000259,ITM0009,2025-07,980.6,sales
DH000260,ITM0009,2025-08,894.97,sales
DH000261,ITM0009,2025-09,1119.1,sales
DH000262,ITM0009,2025-10,1090.67,production
DH000263,ITM0009,2025-11,946.17,sales
DH000264,ITM0009,2025-12,811.78,production
DH000265,ITM0020,2024-01,708.94,sales
DH000266,ITM0020,2024-02,574.14,production
DH000267,ITM0020,2024-03,743.43,sales
DH000268,ITM0020,2024-04,676.26,sales
DH000269,ITM0020,2024-05,655.7,sales
DH000270,ITM0020,2024-06,677.59,sales
DH000271,ITM0020,2024-07,445.47,sales
DH000272,ITM0020,2024-08,687.2,sales
DH000273,ITM0020,2024-09,507.46,production
DH000274,ITM0020,2024-10,635.97,sales
DH000275,ITM0020,2024-11,485.55,production
DH000276,ITM0020,2024-12,805.25,production
DH000277,ITM0020,2025-01,684.37,sales
DH000278,ITM0020,2025-02,521.99,production
DH000279,ITM0020,2025-03,590.67,sales
DH000280,ITM0020,2025-04,711.88,production
DH000281,ITM0020,2025-05,687.26,sales
DH000282,ITM0020,2025-06,541.72,production
DH000283,ITM0020,2025-07,756.22,sales
DH000284,ITM0020,2025-08,745.87,sales
DH000285,ITM0020,2025-09,568.34,sales
DH000286,ITM0020,2025-10,584.51,production
DH000287,ITM0020,2025-11,656.6,production
DH000288,ITM0020,2025-12,715.57,production
DH000289,ITM0018,2024-01,739.5,sales
DH000290,ITM0018,2024-02,546.83,sales
DH000291,ITM0018,2024-03,501.37,production
DH000292,ITM0018,2024-04,535.68,production
DH000293,ITM0018,2024-05,571.59,sales
DH000294,ITM0018,2024-06,469.8,production
DH000295,ITM0018,2024-07,759.92,sales
DH000296,ITM0018,2024-08,760.01,production
DH000297,ITM0018,2024-09,656.9,sales
DH000298,ITM0018,2024-10,805.0,production
DH000299,ITM0018,2024-11,697.38,production
DH000300,ITM0018,2024-12,474.71,sales
DH000301,ITM0018,2025-01,594.94,sales
DH000302,ITM0018,2025-02,548.38,production
DH000303,ITM0018,2025-03,833.76,production
DH000304,ITM0018,2025-04,476.55,sales
DH000305,ITM0018,2025-05,832.67,sales
DH000306,ITM0018,2025-06,765.79,production
DH000307,ITM0018,2025-07,783.93,production
DH000308,ITM0018,2025-08,543.57,production
DH000309,ITM0018,2025-09,509.32,production
DH000310,ITM0018,2025-10,575.12,sales
DH000311,ITM0018,2025-11,531.49,sales
DH000312,ITM0018,2025-12,568.88,production
DH000313,ITM0003,2024-01,319.7,sales
DH000314,ITM0003,2024-02,286.96,production
DH000315,ITM0003,2024-03,269.6,production
DH000316,ITM0003,2024-04,268.77,production
DH000317,ITM0003,2024-05,276.76,production
DH000318,ITM0003,2024-06,213.0,production
DH000319,ITM0003,2024-07,325.06,sales
DH000320,ITM0003,2024-08,297.67,sales
DH000321,ITM0003,2024-09,228.0,production
DH000322,ITM0003,2024-10,266.03,sales
DH000323,ITM0003,2024-11,252.23,production
DH000324,ITM0003,2024-12,358.99,sales
DH000325,ITM0003,2025-01,233.94,sales
DH000326,ITM0003,2025-02,233.27,sales
DH000327,ITM0003,2025-03,231.78,production
DH000328,ITM0003,2025-04,266.13,sales
DH000329,ITM0003,2025-05,396.9,production
DH000330,ITM0003,2025-06,255.69,sales
DH000331,ITM0003,2025-07,385.76,sales
DH000332,ITM0003,2025-08,334.47,production
DH000333,ITM0003,2025-09,324.45,production
DH000334,ITM0003,2025-10,312.0,sales
DH000335,ITM0003,2025-11,320.43,production
DH000336,ITM0003,2025-12,256.81,sales
DH000337,ITM0028,2024-01,566.51,sales
DH000338,ITM0028,2024-02,642.14,sales
DH000339,ITM0028,2024-03,701.24,sales
DH000340,ITM0028,2024-04,747.33,sales
DH000341,ITM0028,2024-05,582.65,production
DH000342,ITM0028,2024-06,672.45,production
DH000343,ITM0028,2024-07,495.5,sales
DH000344,ITM0028,2024-08,530.19,sales
DH000345,ITM0028,2024-09,550.17,sales
DH000346,ITM0028,2024-10,565.35,production
DH000347,ITM0028,2024-11,812.51,production
DH000348,ITM0028,2024-12,599.88,production
DH000349,ITM0028,2025-01,602.81,sales
DH000350,ITM0028,2025-02,721.1,sales
DH000351,ITM0028,2025-03,581.77,sales
DH000352,ITM0028,2025-04,482.73,production
DH000353,ITM0028,2025-05,540.32,production
DH000354,ITM0028,2025-06,608.68,production
DH000355,ITM0028,2025-07,775.72,sales
DH000356,ITM0028,2025-08,827.86,production
DH000357,ITM0028,2025-09,737.16,production
DH000358,ITM0028,2025-10,743.06,production
DH000359,ITM0028,2025-11,597.01,sales
DH000360,ITM0028,2025-12,720.82,sales
DH000361,ITM0030,2024-01,198.72,sales
DH000362,ITM0030,2024-02,267.2,sales
DH000363,ITM0030,2024-03,237.67,sales
DH000364,ITM0030,2024-04,267.46,production
DH000365,ITM0030,2024-05,214.13,sales
DH000366,ITM0030,2024-06,239.0,production
DH000367,ITM0030,2024-07,243.23,production
DH000368,ITM0030,2024-08,172.52,production
DH000369,ITM0030,2024-09,186.06,production
DH000370,ITM0030,2024-10,181.13,sales
DH000371,ITM0030,2024-11,285.92,production
DH000372,ITM0030,2024-12,272.68,production
DH000373,ITM0030,2025-01,242.41,sales
DH000374,ITM0030,2025-02,251.7,sales
DH000375,ITM0030,2025-03,177.18,sales
DH000376,ITM0030,2025-04,228.73,production
DH000377,ITM0030,2025-05,245.55,production
DH000378,ITM0030,2025-06,271.34,sales
DH000379,ITM0030,2025-07,266.06,production
DH000380,ITM0030,2025-08,241.15,production
DH000381,ITM0030,2025-09,212.2,sales
DH000382,ITM0030,2025-10,282.39,sales
DH000383,ITM0030,2025-11,189.56,production
DH000384,ITM0030,2025-12,201.4,sales
DH000385,ITM0025,2024-01,439.51,production
DH000386,ITM0025,2024-02,439.39,production
DH000387,ITM0025,2024-03,398.95,sales
DH000388,ITM0025,2024-04,424.66,sales
DH000389,ITM0025,2024-05,276.02,production
DH000390,ITM0025,2024-06,257.8,production
DH000391,ITM0025,2024-07,373.97,sales
DH000392,ITM0025,2024-08,461.73,production
DH000393,ITM0025,2024-09,272.69,production
DH000394,ITM0025,2024-10,346.11,production
DH000395,ITM0025,2024-11,318.61,sales
DH000396,ITM0025,2024-12,455.33,sales
DH000397,ITM0025,2025-01,486.5,production
DH000398,ITM0025,2025-02,473.93,production
DH000399,ITM0025,2025-03,305.09,production
DH000400,ITM0025,2025-04,281.79,production
DH000401,ITM0025,2025-05,304.62,production
DH000402,ITM0025,2025-06,297.95,sales
DH000403,ITM0025,2025-07,292.95,production
DH000404,ITM0025,2025-08,328.84,sales
DH000405,ITM0025,2025-09,482.19,production
DH000406,ITM0025,2025-10,520.85,sales
DH000407,ITM0025,2025-11,459.42,sales
DH000408,ITM0025,2025-12,454.19,production
DH000409,ITM0001,2024-01,192.57,sales
DH000410,ITM0001,2024-02,175.39,sales
DH000411,ITM0001,2024-03,230.91,sales
DH000412,ITM0001,2024-04,250.43,sales
DH000413,ITM0001,2024-05,241.8,production
DH000414,ITM0001,2024-06,212.58,production
DH000415,ITM0001,2024-07,194.08,production
DH000416,ITM0001,2024-08,259.63,sales
DH000417,ITM0001,2024-09,310.73,production
DH000418,ITM0001,2024-10,306.94,sales
DH000419,ITM0001,2024-11,187.72,production
DH000420,ITM0001,2024-12,196.01,production
DH000421,ITM0001,2025-01,300.65,production
DH000422,ITM0001,2025-02,293.66,sales
DH000423,ITM0001,2025-03,217.16,production
DH000424,ITM0001,2025-04,224.3,sales
DH000425,ITM0001,2025-05,320.42,production
DH000426,ITM0001,2025-06,224.91,production
DH000427,ITM0001,2025-07,290.59,sales
DH000428,ITM0001,2025-08,365.48,production
DH000429,ITM0001,2025-09,269.06,production
DH000430,ITM0001,2025-10,260.75,production
DH000431,ITM0001,2025-11,347.17,production
DH000432,ITM0001,2025-12,240.16,sales
DH000433,ITM0029,2024-01,894.45,production
DH000434,ITM0029,2024-02,724.82,sales
DH000435,ITM0029,2024-03,902.65,sales
DH000436,ITM0029,2024-04,615.39,production
DH000437,ITM0029,2024-05,1023.43,sales
DH000438,ITM0029,2024-06,715.59,sales
DH000439,ITM0029,2024-07,614.7,production
DH000440,ITM0029,2024-08,668.35,sales
DH000441,ITM0029,2024-09,880.75,sales
DH000442,ITM0029,2024-10,619.12,sales
DH000443,ITM0029,2024-11,934.11,production
DH000444,ITM0029,2024-12,929.72,sales
DH000445,ITM0029,2025-01,1002.63,sales
DH000446,ITM0029,2025-02,687.46,production
DH000447,ITM0029,2025-03,1038.13,sales
DH000448,ITM0029,2025-04,693.1,production
DH000449,ITM0029,2025-05,713.15,sales
DH000450,ITM0029,2025-06,1083.86,sales
DH000451,ITM0029,2025-07,850.5,production
DH000452,ITM0029,2025-08,772.3,production
DH000453,ITM0029,2025-09,792.52,production
DH000454,ITM0029,2025-10,1169.79,sales
DH000455,ITM0029,2025-11,1207.75,sales
DH000456,ITM0029,2025-12,1067.16,production
DH000457,ITM0008,2024-01,509.27,production
DH000458,ITM0008,2024-02,343.85,sales
DH000459,ITM0008,2024-03,350.11,sales
DH000460,ITM0008,2024-04,411.43,sales
DH000461,ITM0008,2024-05,539.1,production
DH000462,ITM0008,2024-06,411.22,production
DH000463,ITM0008,2024-07,543.65,production
DH000464,ITM0008,2024-08,564.08,sales
DH000465,ITM0008,2024-09,425.17,sales
DH000466,ITM0008,2024-10,536.88,sales
DH000467,ITM0008,2024-11,378.49,production
DH000468,ITM0008,2024-12,520.41,production
DH000469,ITM0008,2025-01,521.74,sales
DH000470,ITM0008,2025-02,524.72,sales
DH000471,ITM0008,2025-03,426.25,production
DH000472,ITM0008,2025-04,604.62,sales
DH000473,ITM0008,2025-05,696.1,production
DH000474,ITM0008,2025-06,593.39,production
DH000475,ITM0008,2025-07,697.59,sales
DH000476,ITM0008,2025-08,521.71,production
DH000477,ITM0008,2025-09,674.29,production
DH000478,ITM0008,2025-10,627.43,production
DH000479,ITM0008,2025-11,417.15,production
DH000480,ITM0008,2025-12,656.05,production
DH000481,ITM0026,2024-01,241.63,sales
DH000482,ITM0026,2024-02,325.08,sales
DH000483,ITM0026,2024-03,277.92,sales
DH000484,ITM0026,2024-04,359.02,sales
DH000485,ITM0026,2024-05,249.66,sales
DH000486,ITM0026,2024-06,228.46,production
DH000487,ITM0026,2024-07,260.87,sales
DH000488,ITM0026,2024-08,304.69,production
DH000489,ITM0026,2024-09,233.83,production
DH000490,ITM0026,2024-10,235.08,sales
DH000491,ITM0026,2024-11,257.6,production
DH000492,ITM0026,2024-12,342.91,production
DH000493,ITM0026,2025-01,334.8,sales
DH000494,ITM0026,2025-02,254.9,sales
DH000495,ITM0026,2025-03,420.85,sales
DH000496,ITM0026,2025-04,408.39,sales
DH000497,ITM0026,2025-05,316.18,production
DH000498,ITM0026,2025-06,435.43,sales
DH000499,ITM0026,2025-07,269.07,production
DH000500,ITM0026,2025-08,372.62,sales
DH000501,ITM0026,2025-09,399.22,production
DH000502,ITM0026,2025-10,289.62,sales
DH000503,ITM0026,2025-11,314.9,sales
DH000504,ITM0026,2025-12,323.5,sales
DH000505,ITM0014,2024-01,395.97,production
DH000506,ITM0014,2024-02,504.45,production
DH000507,ITM0014,2024-03,567.04,production
DH000508,ITM0014,2024-04,363.72,production
DH000509,ITM0014,2024-05,397.39,sales
DH000510,ITM0014,2024-06,552.96,sales
DH000511,ITM0014,2024-07,357.77,production
DH000512,ITM0014,2024-08,331.49,production
DH000513,ITM0014,2024-09,361.73,sales
DH000514,ITM0014,2024-10,507.15,sales
DH000515,ITM0014,2024-11,396.69,production
DH000516,ITM0014,2024-12,391.25,sales
DH000517,ITM0014,2025-01,578.31,sales
DH000518,ITM0014,2025-02,625.39,production
DH000519,ITM0014,2025-03,481.39,sales
DH000520,ITM0014,2025-04,579.83,production
DH000521,ITM0014,2025-05,473.73,sales
DH000522,ITM0014,2025-06,531.3,sales
DH000523,ITM0014,2025-07,414.56,sales
DH000524,ITM0014,2025-08,493.26,sales
DH000525,ITM0014,2025-09,393.48,production
DH000526,ITM0014,2025-10,436.72,production
DH000527,ITM0014,2025-11,449.85,production
DH000528,ITM0014,2025-12,418.93,production
DH000529,ITM0012,2024-01,686.95,production
DH000530,ITM0012,2024-02,583.15,sales
DH000531,ITM0012,2024-03,709.5,production
DH000532,ITM0012,2024-04,549.27,sales
DH000533,ITM0012,2024-05,459.11,sales
DH000534,ITM0012,2024-06,463.93,production
DH000535,ITM0012,2024-07,468.13,sales
DH000536,ITM0012,2024-08,664.94,sales
DH000537,ITM0012,2024-09,492.39,production
DH000538,ITM0012,2024-10,528.24,production
DH000539,ITM0012,2024-11,683.23,production
DH000540,ITM0012,2024-12,774.11,sales
DH000541,ITM0012,2025-01,745.99,production
DH000542,ITM0012,2025-02,534.43,production
DH000543,ITM0012,2025-03,541.35,production
DH000544,ITM0012,2025-04,792.76,production
DH000545,ITM0012,2025-05,535.32,sales
DH000546,ITM0012,2025-06,484.75,sales
DH000547,ITM0012,2025-07,651.07,sales
DH000548,ITM0012,2025-08,881.45,production
DH000549,ITM0012,2025-09,589.49,production
DH000550,ITM0012,2025-10,679.74,production
DH000551,ITM0012,2025-11,592.91,sales
DH000552,ITM0012,2025-12,838.55,production
DH000553,ITM0039,2024-01,555.53,sales
DH000554,ITM0039,2024-02,628.26,production
DH000555,ITM0039,2024-03,506.87,sales
DH000556,ITM0039,2024-04,672.96,production
DH000557,ITM0039,2024-05,667.62,sales
DH000558,ITM0039,2024-06,536.69,production
DH000559,ITM0039,2024-07,498.98,sales
DH000560,ITM0039,2024-08,427.3,production
DH000561,ITM0039,2024-09,598.43,sales
DH000562,ITM0039,2024-10,439.04,sales
DH000563,ITM0039,2024-11,523.64,sales
DH000564,ITM0039,2024-12,733.92,sales
DH000565,ITM0039,2025-01,722.19,sales
DH000566,ITM0039,2025-02,633.66,sales
DH000567,ITM0039,2025-03,700.57,sales
DH000568,ITM0039,2025-04,707.26,production
DH000569,ITM0039,2025-05,726.47,production
DH000570,ITM0039,2025-06,661.66,sales
DH000571,ITM0039,2025-07,507.86,sales
DH000572,ITM0039,2025-08,470.25,sales
DH000573,ITM0039,2025-09,662.3,production
DH000574,ITM0039,2025-10,606.09,sales
DH000575,ITM0039,2025-11,662.25,production
DH000576,ITM0039,2025-12,786.25,sales
DH000577,ITM0015,2024-01,477.45,production
DH000578,ITM0015,2024-02,291.29,production
DH000579,ITM0015,2024-03,438.94,sales
DH000580,ITM0015,2024-04,310.41,sales
DH000581,ITM0015,2024-05,436.1,production
DH000582,ITM0015,2024-06,294.85,sales
DH000583,ITM0015,2024-07,515.8,sales
DH000584,ITM0015,2024-08,329.9,production
DH000585,ITM0015,2024-09,510.52,production
DH000586,ITM0015,2024-10,375.57,sales
DH000587,ITM0015,2024-11,323.03,sales
DH000588,ITM0015,2024-12,531.19,sales
DH000589,ITM0015,2025-01,463.68,production
DH000590,ITM0015,2025-02,338.64,production
DH000591,ITM0015,2025-03,470.98,production
DH000592,ITM0015,2025-04,351.02,production
DH000593,ITM0015,2025-05,340.22,sales
DH000594,ITM0015,2025-06,437.06,sales
DH000595,ITM0015,2025-07,393.5,production
DH000596,ITM0015,2025-08,397.73,production
DH000597,ITM0015,2025-09,529.69,sales
DH000598,ITM0015,2025-10,544.82,sales
DH000599,ITM0015,2025-11,493.46,production
DH000600,ITM0015,2025-12,396.48,sales
DH000601,ITM0002,2024-01,385.3,production
DH000602,ITM0002,2024-02,617.96,sales
DH000603,ITM0002,2024-03,478.96,production
DH000604,ITM0002,2024-04,441.93,sales
DH000605,ITM0002,2024-05,362.78,production
DH000606,ITM0002,2024-06,415.88,sales
DH000607,ITM0002,2024-07,526.24,production
DH000608,ITM0002,2024-08,506.15,sales
DH000609,ITM0002,2024-09,374.79,production
DH000610,ITM0002,2024-10,416.15,sales
DH000611,ITM0002,2024-11,549.13,sales
DH000612,ITM0002,2024-12,476.69,production
DH000613,ITM0002,2025-01,510.17,production
DH000614,ITM0002,2025-02,528.53,sales
DH000615,ITM0002,2025-03,615.4,sales
DH000616,ITM0002,2025-04,648.39,production
DH000617,ITM0002,2025-05,536.67,production
DH000618,ITM0002,2025-06,401.82,production
DH000619,ITM0002,2025-07,539.91,production
DH000620,ITM0002,2025-08,638.85,production
DH000621,ITM0002,2025-09,534.77,production
DH000622,ITM0002,2025-10,481.97,sales
DH000623,ITM0002,2025-11,680.02,production
DH000624,ITM0002,2025-12,694.56,production
DH000625,ITM0034,2024-01,412.28,sales
DH000626,ITM0034,2024-02,735.73,production
DH000627,ITM0034,2024-03,427.29,sales
DH000628,ITM0034,2024-04,617.97,sales
DH000629,ITM0034,2024-05,573.2,sales
DH000630,ITM0034,2024-06,568.49,sales
DH000631,ITM0034,2024-07,500.72,sales
DH000632,ITM0034,2024-08,518.41,sales
DH000633,ITM0034,2024-09,686.6,sales
DH000634,ITM0034,2024-10,793.52,production
DH000635,ITM0034,2024-11,602.06,sales
DH000636,ITM0034,2024-12,801.93,sales
DH000637,ITM0034,2025-01,623.97,sales
DH000638,ITM0034,2025-02,731.72,sales
DH000639,ITM0034,2025-03,579.31,production
DH000640,ITM0034,2025-04,590.73,production
DH000641,ITM0034,2025-05,627.78,production
DH000642,ITM0034,2025-06,795.76,sales
DH000643,ITM0034,2025-07,512.2,production
DH000644,ITM0034,2025-08,544.86,sales
DH000645,ITM0034,2025-09,513.2,production
DH000646,ITM0034,2025-10,798.84,sales
DH000647,ITM0034,2025-11,514.55,production
DH000648,ITM0034,2025-12,651.87,sales
DH000649,ITM0013,2024-01,526.96,sales
DH000650,ITM0013,2024-02,450.94,production
DH000651,ITM0013,2024-03,420.39,sales
DH000652,ITM0013,2024-04,452.01,sales
DH000653,ITM0013,2024-05,490.88,sales
DH000654,ITM0013,2024-06,595.62,sales
DH000655,ITM0013,2024-07,756.69,production
DH000656,ITM0013,2024-08,609.13,production
DH000657,ITM0013,2024-09,756.91,sales
DH000658,ITM0013,2024-10,602.44,sales
DH000659,ITM0013,2024-11,564.55,production
DH000660,ITM0013,2024-12,573.8,sales
DH000661,ITM0013,2025-01,564.63,sales
DH000662,ITM0013,2025-02,653.93,sales
DH000663,ITM0013,2025-03,459.1,production
DH000664,ITM0013,2025-04,680.69,production
DH000665,ITM0013,2025-05,767.25,sales
DH000666,ITM0013,2025-06,700.76,sales
DH000667,ITM0013,2025-07,778.58,sales
DH000668,ITM0013,2025-08,566.48,sales
DH000669,ITM0013,2025-09,703.16,production
DH000670,ITM0013,2025-10,530.67,sales
DH000671,ITM0013,2025-11,761.25,sales
DH000672,ITM0013,2025-12,612.58,sales
DH000673,ITM0032,2024-01,245.21,sales
DH000674,ITM0032,2024-02,276.96,sales
DH000675,ITM0032,2024-03,364.23,sales
DH000676,ITM0032,2024-04,313.7,sales
DH000677,ITM0032,2024-05,407.22,sales
DH000678,ITM0032,2024-06,297.91,production
DH000679,ITM0032,2024-07,349.81,production
DH000680,ITM0032,2024-08,304.76,production
DH000681,ITM0032,2024-09,299.55,sales
DH000682,ITM0032,2024-10,395.82,production
DH000683,ITM0032,2024-11,395.68,production
DH000684,ITM0032,2024-12,269.81,sales
DH000685,ITM0032,2025-01,441.41,production
DH000686,ITM0032,2025-02,467.17,sales
DH000687,ITM0032,2025-03,408.34,sales
DH000688,ITM0032,2025-04,365.73,sales
DH000689,ITM0032,2025-05,290.89,production
DH000690,ITM0032,2025-06,309.95,production
DH000691,ITM0032,2025-07,423.3,production
DH000692,ITM0032,2025-08,486.5,production
DH000693,ITM0032,2025-09,498.68,production
DH000694,ITM0032,2025-10,387.21,sales
DH000695,ITM0032,2025-11,480.69,sales
DH000696,ITM0032,2025-12,484.19,production
DH000697,ITM0021,2024-01,452.18,sales
DH000698,ITM0021,2024-02,332.25,sales
DH000699,ITM0021,2024-03,453.09,sales
DH000700,ITM0021,2024-04,423.86,production
DH000701,ITM0021,2024-05,518.86,production
DH000702,ITM0021,2024-06,518.72,sales
DH000703,ITM0021,2024-07,502.7,sales
DH000704,ITM0021,2024-08,480.38,production
DH000705,ITM0021,2024-09,524.08,sales
DH000706,ITM0021,2024-10,392.23,sales
DH000707,ITM0021,2024-11,549.84,production
DH000708,ITM0021,2024-12,457.31,sales
DH000709,ITM0021,2025-01,487.09,sales
DH000710,ITM0021,2025-02,648.66,sales
DH000711,ITM0021,2025-03,443.56,sales
DH000712,ITM0021,2025-04,498.44,production
DH000713,ITM0021,2025-05,381.93,sales
DH000714,ITM0021,2025-06,430.45,production
DH000715,ITM0021,2025-07,683.78,sales
DH000716,ITM0021,2025-08,536.57,production
DH000717,ITM0021,2025-09,640.32,production
DH000718,ITM0021,2025-10,398.06,production
DH000719,ITM0021,2025-11,418.9,production
DH000720,ITM0021,2025-12,448.87,sales
