gr_id,gr_number,gr_date,po_id,received_qty,rejected_qty,reject_reason,inspection_result,warehouse_id,received_by
GR00001,GR202400001,2024-11-02,PO00001,4.94,0.06,spesifikasi beda,partial,WH02,EMP008
GR00002,GR202500002,2025-07-11,PO00002,484.71,15.29,spesifikasi beda,partial,WH02,EMP040
GR00003,GR202400003,2024-11-27,PO00003,479.72,20.28,rusak saat kirim,partial,WH02,EMP035
GR00004,GR202400004,2024-12-06,PO00004,45.32,4.68,spesifikasi beda,fail,WH01,EMP001
GR00005,GR202400005,2024-03-09,PO00005,48.59,1.41,kualitas tidak sesuai,partial,WH02,EMP005
GR00006,GR202500006,2025-07-07,PO00006,19.74,0.26,spesifikasi beda,partial,WH03,EMP023
GR00007,GR202400007,2024-03-26,PO00007,47.66,2.34,spesifikasi beda,partial,WH03,EMP010
GR00008,GR202400008,2024-03-13,PO00009,195.55,4.45,kualitas tidak sesuai,partial,WH03,EMP018
GR00009,GR202500009,2025-10-02,PO00010,0.95,0.05,kualitas tidak sesuai,partial,WH01,EMP032
GR00010,GR202400010,2024-10-05,PO00011,4927.92,72.08,rusak saat kirim,partial,WH03,EMP011
GR00011,GR202500011,2025-05-21,PO00013,4.95,0.05,kualitas tidak sesuai,partial,WH01,EMP025
GR00012,GR202400012,2024-04-06,PO00014,1946.69,53.31,spesifikasi beda,partial,WH03,EMP002
GR00013,GR202500013,2025-05-04,PO00015,19.98,0.02,spesifikasi beda,partial,WH03,EMP003
GR00014,GR202400014,2024-05-10,PO00016,197.30,2.70,rusak saat kirim,partial,WH01,EMP039
GR00015,GR202500015,2025-08-02,PO00017,9.85,0.15,kualitas tidak sesuai,partial,WH03,EMP025
GR00016,GR202400016,2024-07-24,PO00018,1.93,0.07,spesifikasi beda,partial,WH03,EMP024
GR00017,GR202500017,2025-07-14,PO00019,4.96,0.04,kualitas tidak sesuai,partial,WH03,EMP038
GR00018,GR202400018,2024-07-20,PO00020,48.73,1.27,kualitas tidak sesuai,partial,WH02,EMP008
GR00019,GR202500019,2025-12-26,PO00021,200.00,0.00,,pass,WH02,EMP025
GR00020,GR202500020,2025-01-07,PO00022,980.69,19.31,kualitas tidak sesuai,partial,WH01,EMP026
GR00021,GR202500021,2025-01-13,PO00023,1800.66,199.34,kualitas tidak sesuai,fail,WH02,EMP040
GR00022,GR202500022,2025-06-26,PO00024,0.97,0.03,spesifikasi beda,partial,WH01,EMP033
GR00023,GR202500023,2025-01-01,PO00025,48.79,1.21,rusak saat kirim,partial,WH01,EMP031
GR00024,GR202400024,2024-05-06,PO00026,19.58,0.42,kualitas tidak sesuai,partial,WH02,EMP005
GR00025,GR202500025,2025-11-20,PO00027,10.00,0.00,,pass,WH02,EMP003
GR00026,GR202500026,2025-05-16,PO00028,1.97,0.03,spesifikasi beda,partial,WH03,EMP025
GR00027,GR202500027,2025-05-07,PO00029,95.43,4.57,rusak saat kirim,partial,WH01,EMP026
GR00028,GR202400028,2024-10-04,PO00030,9.92,0.08,spesifikasi beda,partial,WH01,EMP008
GR00029,GR202500029,2025-05-10,PO00031,3.90,0.10,spesifikasi beda,partial,WH01,EMP001
GR00030,GR202600030,2026-01-07,PO00033,889.70,110.30,kualitas tidak sesuai,fail,WH01,EMP021
GR00031,GR202400031,2024-07-22,PO00034,161.67,5.00,spesifikasi beda,partial,WH01,EMP034
GR00032,GR202400032,2024-07-26,PO00035,164.77,1.90,spesifikasi beda,partial,WH03,EMP031
GR00033,GR202400033,2024-07-23,PO00036,161.75,4.92,kualitas tidak sesuai,partial,WH02,EMP017
GR00034,GR202400034,2024-09-14,PO00037,922.58,77.42,spesifikasi beda,fail,WH03,EMP010
GR00035,GR202500035,2025-06-07,PO00038,452.00,48.00,spesifikasi beda,fail,WH02,EMP040
GR00036,GR202500036,2025-05-04,PO00039,22.90,2.10,kualitas tidak sesuai,fail,WH03,EMP029
GR00037,GR202500037,2025-01-20,PO00040,2000.00,0.00,,pass,WH03,EMP022
GR00038,GR202400038,2024-10-28,PO00041,493.97,6.03,spesifikasi beda,partial,WH01,EMP005
GR00039,GR202400039,2024-09-27,PO00042,98.10,1.90,rusak saat kirim,partial,WH01,EMP008
GR00040,GR202400040,2024-11-23,PO00043,4.97,0.03,rusak saat kirim,partial,WH02,EMP036
GR00041,GR202400041,2024-06-16,PO00044,994.33,5.67,spesifikasi beda,partial,WH01,EMP024
GR00042,GR202500042,2025-11-03,PO00045,939.14,60.86,rusak saat kirim,fail,WH03,EMP034
GR00043,GR202500043,2025-05-28,PO00046,48.14,1.86,spesifikasi beda,partial,WH02,EMP022
GR00044,GR202500044,2025-07-03,PO00047,488.78,11.22,rusak saat kirim,partial,WH01,EMP004
GR00045,GR202400045,2024-12-07,PO00048,97.65,2.35,kualitas tidak sesuai,partial,WH01,EMP031
GR00046,GR202400046,2024-03-18,PO00049,19.47,0.53,rusak saat kirim,partial,WH03,EMP032
GR00047,GR202500047,2025-01-08,PO00050,48.19,1.81,kualitas tidak sesuai,partial,WH03,EMP013
GR00048,GR202400048,2024-06-23,PO00051,19.70,0.30,rusak saat kirim,partial,WH01,EMP037
GR00049,GR202400049,2024-07-21,PO00052,97.71,2.29,kualitas tidak sesuai,partial,WH01,EMP004
GR00050,GR202500050,2025-03-02,PO00053,241.34,8.66,rusak saat kirim,partial,WH03,EMP035
GR00051,GR202500051,2025-02-26,PO00054,1825.10,174.90,spesifikasi beda,fail,WH01,EMP010
GR00052,GR202400052,2024-05-22,PO00055,90.70,9.30,spesifikasi beda,fail,WH02,EMP012
GR00053,GR202500053,2025-02-25,PO00056,2.00,0.00,,pass,WH02,EMP025
GR00054,GR202500054,2025-07-16,PO00057,0.96,0.04,spesifikasi beda,partial,WH03,EMP001
GR00055,GR202400055,2024-10-09,PO00058,1.94,0.06,kualitas tidak sesuai,partial,WH01,EMP022
GR00056,GR202400056,2024-04-13,PO00059,181.61,18.39,kualitas tidak sesuai,fail,WH01,EMP009
GR00057,GR202500057,2025-04-01,PO00060,23.18,1.82,rusak saat kirim,fail,WH01,EMP017
GR00058,GR202400058,2024-08-03,PO00061,24.52,0.48,rusak saat kirim,partial,WH01,EMP013
GR00059,GR202400059,2024-04-28,PO00062,98.23,1.77,kualitas tidak sesuai,partial,WH03,EMP035
GR00060,GR202400060,2024-04-13,PO00063,183.36,16.64,spesifikasi beda,fail,WH01,EMP016
GR00061,GR202500061,2025-10-28,PO00064,49.80,0.20,rusak saat kirim,partial,WH01,EMP039
GR00062,GR202500062,2025-02-13,PO00065,4.88,0.12,kualitas tidak sesuai,partial,WH03,EMP024
GR00063,GR202500063,2025-10-21,PO00066,0.99,0.01,kualitas tidak sesuai,partial,WH01,EMP006
GR00064,GR202400064,2024-06-25,PO00067,896.43,103.57,kualitas tidak sesuai,fail,WH02,EMP012
GR00065,GR202400065,2024-10-12,PO00068,229.65,20.35,rusak saat kirim,fail,WH02,EMP022
GR00066,GR202500066,2025-04-20,PO00069,196.29,3.71,rusak saat kirim,partial,WH01,EMP020
GR00067,GR202400067,2024-08-17,PO00070,485.08,14.92,kualitas tidak sesuai,partial,WH02,EMP025
GR00068,GR202500068,2025-11-23,PO00071,82.99,17.01,rusak saat kirim,fail,WH01,EMP014
GR00069,GR202400069,2024-12-02,PO00072,9.88,0.12,rusak saat kirim,partial,WH03,EMP037
GR00070,GR202400070,2024-06-05,PO00073,996.22,3.78,rusak saat kirim,partial,WH03,EMP033
GR00071,GR202400071,2024-08-10,PO00074,912.46,87.54,kualitas tidak sesuai,fail,WH01,EMP008
GR00072,GR202500072,2025-12-14,PO00075,97.35,2.65,rusak saat kirim,partial,WH02,EMP011
GR00073,GR202500073,2025-01-23,PO00076,1250.00,0.00,,pass,WH03,EMP023
GR00074,GR202500074,2025-03-23,PO00077,5.00,0.00,,pass,WH03,EMP006
GR00075,GR202500075,2025-01-06,PO00079,197.80,2.20,kualitas tidak sesuai,partial,WH02,EMP026
GR00076,GR202400076,2024-06-22,PO00081,470.61,29.39,kualitas tidak sesuai,partial,WH03,EMP010
GR00077,GR202500077,2025-11-02,PO00082,9.10,0.90,rusak saat kirim,fail,WH01,EMP007
GR00078,GR202500078,2025-02-22,PO00083,478.37,21.63,rusak saat kirim,partial,WH03,EMP008
GR00079,GR202500079,2025-03-02,PO00084,927.99,72.01,kualitas tidak sesuai,fail,WH03,EMP036
GR00080,GR202400080,2024-08-19,PO00085,1000.00,0.00,,pass,WH01,EMP020
GR00081,GR202500081,2025-06-07,PO00086,46.14,3.86,kualitas tidak sesuai,fail,WH02,EMP022
GR00082,GR202400082,2024-05-25,PO00087,0.99,0.01,spesifikasi beda,partial,WH02,EMP010
GR00083,GR202600083,2026-01-09,PO00088,100.00,0.00,,pass,WH03,EMP016
GR00084,GR202400084,2024-10-11,PO00089,2.09,0.41,kualitas tidak sesuai,fail,WH01,EMP004
GR00085,GR202500085,2025-07-03,PO00090,490.99,9.01,kualitas tidak sesuai,partial,WH01,EMP039
GR00086,GR202500086,2025-07-04,PO00091,988.57,11.43,kualitas tidak sesuai,partial,WH02,EMP019
GR00087,GR202600087,2026-01-13,PO00092,486.59,13.41,spesifikasi beda,partial,WH01,EMP008
GR00088,GR202500088,2025-01-10,PO00093,20.61,4.39,rusak saat kirim,fail,WH01,EMP035
GR00089,GR202500089,2025-01-14,PO00094,482.43,17.57,rusak saat kirim,partial,WH03,EMP011
GR00090,GR202500090,2025-12-27,PO00095,48.37,1.63,rusak saat kirim,partial,WH02,EMP023
GR00091,GR202500091,2025-12-15,PO00096,227.61,22.39,kualitas tidak sesuai,fail,WH01,EMP002
GR00092,GR202500092,2025-08-13,PO00097,247.70,2.30,rusak saat kirim,partial,WH01,EMP038
GR00093,GR202400093,2024-05-18,PO00098,992.10,7.90,rusak saat kirim,partial,WH03,EMP005
GR00094,GR202400094,2024-01-20,PO00099,247.47,2.53,spesifikasi beda,partial,WH02,EMP028
GR00095,GR202400095,2024-01-29,PO00100,246.10,3.90,rusak saat kirim,partial,WH01,EMP037
GR00096,GR202500096,2025-04-06,PO00101,245.70,4.30,spesifikasi beda,partial,WH02,EMP039
GR00097,GR202400097,2024-12-26,PO00102,1.98,0.02,rusak saat kirim,partial,WH01,EMP036
GR00098,GR202500098,2025-10-29,PO00103,488.95,11.05,spesifikasi beda,partial,WH02,EMP029
GR00099,GR202400099,2024-10-01,PO00104,45.44,4.56,rusak saat kirim,fail,WH01,EMP020
GR00100,GR202400100,2024-09-24,PO00105,49.82,0.18,rusak saat kirim,partial,WH01,EMP015
GR00101,GR202500101,2025-12-25,PO00106,18.08,1.92,kualitas tidak sesuai,fail,WH01,EMP007
GR00102,GR202400102,2024-11-22,PO00107,245.12,4.88,rusak saat kirim,partial,WH03,EMP023
GR00103,GR202500103,2025-09-26,PO00109,0.98,0.02,spesifikasi beda,partial,WH02,EMP016
GR00104,GR202500104,2025-10-15,PO00110,0.97,0.03,kualitas tidak sesuai,partial,WH02,EMP026
GR00105,GR202400105,2024-07-17,PO00111,1.94,0.06,rusak saat kirim,partial,WH03,EMP030
GR00106,GR202500106,2025-03-24,PO00112,1.81,0.19,rusak saat kirim,fail,WH01,EMP016
GR00107,GR202400107,2024-10-13,PO00113,48.23,1.77,rusak saat kirim,partial,WH02,EMP037
GR00108,GR202500108,2025-10-20,PO00114,4.94,0.06,spesifikasi beda,partial,WH01,EMP035
GR00109,GR202500109,2025-01-21,PO00115,181.33,18.67,spesifikasi beda,fail,WH03,EMP025
GR00110,GR202600110,2026-01-27,PO00116,181.91,18.09,rusak saat kirim,fail,WH02,EMP039
GR00111,GR202500111,2025-03-17,PO00117,910.35,89.65,spesifikasi beda,fail,WH01,EMP003
GR00112,GR202400112,2024-10-15,PO00118,244.22,5.78,spesifikasi beda,partial,WH03,EMP004
GR00113,GR202500113,2025-01-13,PO00119,970.88,29.12,rusak saat kirim,partial,WH01,EMP015
GR00114,GR202600114,2026-01-29,PO00120,380.98,19.02,rusak saat kirim,partial,WH02,EMP024
GR00115,GR202500115,2025-02-21,PO00121,4.00,0.00,,pass,WH02,EMP018
GR00116,GR202400116,2024-12-25,PO00122,183.83,16.17,spesifikasi beda,fail,WH02,EMP013
GR00117,GR202500117,2025-04-11,PO00123,0.91,0.09,spesifikasi beda,fail,WH01,EMP012
GR00118,GR202400118,2024-01-20,PO00124,1841.36,158.64,kualitas tidak sesuai,fail,WH01,EMP019
GR00119,GR202400119,2024-05-13,PO00125,964.54,35.46,spesifikasi beda,partial,WH01,EMP021
GR00120,GR202400120,2024-03-26,PO00126,49.28,0.72,spesifikasi beda,partial,WH03,EMP016
GR00121,GR202500121,2025-11-22,PO00127,494.67,5.33,rusak saat kirim,partial,WH02,EMP017
GR00122,GR202400122,2024-10-03,PO00128,199.83,0.17,kualitas tidak sesuai,partial,WH02,EMP022
GR00123,GR202500123,2025-07-08,PO00129,1.93,0.07,rusak saat kirim,partial,WH02,EMP033
GR00124,GR202400124,2024-12-20,PO00130,977.18,22.82,rusak saat kirim,partial,WH03,EMP016
GR00125,GR202500125,2025-04-07,PO00131,479.90,20.10,spesifikasi beda,partial,WH03,EMP032
GR00126,GR202500126,2025-06-11,PO00132,493.72,6.28,rusak saat kirim,partial,WH03,EMP020
GR00127,GR202500127,2025-09-28,PO00133,4.97,0.03,kualitas tidak sesuai,partial,WH03,EMP026
GR00128,GR202400128,2024-08-12,PO00134,183.53,16.47,spesifikasi beda,fail,WH02,EMP003
GR00129,GR202500129,2025-12-23,PO00135,2493.53,6.47,spesifikasi beda,partial,WH01,EMP038
GR00130,GR202400130,2024-07-18,PO00136,95.41,4.59,rusak saat kirim,partial,WH01,EMP016
GR00131,GR202600131,2026-01-08,PO00137,197.18,2.82,kualitas tidak sesuai,partial,WH03,EMP014
GR00132,GR202500132,2025-10-21,PO00138,1.79,0.21,spesifikasi beda,fail,WH02,EMP039
GR00133,GR202400133,2024-05-31,PO00139,244.33,5.67,spesifikasi beda,partial,WH01,EMP007
GR00134,GR202500134,2025-04-05,PO00140,917.74,82.26,kualitas tidak sesuai,fail,WH02,EMP034
GR00135,GR202400135,2024-07-21,PO00141,12.10,0.40,rusak saat kirim,partial,WH01,EMP030
GR00136,GR202500136,2025-06-03,PO00142,1.91,0.09,kualitas tidak sesuai,partial,WH02,EMP024
GR00137,GR202500137,2025-04-22,PO00143,2.46,0.04,kualitas tidak sesuai,partial,WH01,EMP015
GR00138,GR202500138,2025-01-26,PO00144,489.50,10.50,spesifikasi beda,partial,WH03,EMP011
GR00139,GR202500139,2025-02-08,PO00145,0.91,0.09,kualitas tidak sesuai,fail,WH01,EMP026
GR00140,GR202500140,2025-08-22,PO00146,998.21,1.79,kualitas tidak sesuai,partial,WH03,EMP039
GR00141,GR202400141,2024-12-29,PO00147,99.46,0.54,rusak saat kirim,partial,WH03,EMP008
GR00142,GR202400142,2024-09-15,PO00148,4.94,0.06,spesifikasi beda,partial,WH03,EMP009
GR00143,GR202400143,2024-12-31,PO00149,489.32,10.68,spesifikasi beda,partial,WH03,EMP035
GR00144,GR202400144,2024-07-08,PO00150,1987.07,12.93,spesifikasi beda,partial,WH02,EMP020
GR00145,GR202500145,2025-10-25,PO00151,190.70,9.30,spesifikasi beda,partial,WH03,EMP035
GR00146,GR202500146,2025-01-07,PO00152,179.77,20.23,kualitas tidak sesuai,fail,WH02,EMP004
GR00147,GR202400147,2024-04-04,PO00154,490.44,9.56,spesifikasi beda,partial,WH01,EMP012
GR00148,GR202500148,2025-09-09,PO00155,19.85,0.15,kualitas tidak sesuai,partial,WH01,EMP037
GR00149,GR202500149,2025-10-05,PO00156,1.95,0.05,rusak saat kirim,partial,WH02,EMP015
GR00150,GR202500150,2025-05-18,PO00157,487.81,12.19,kualitas tidak sesuai,partial,WH03,EMP024
GR00151,GR202500151,2025-02-28,PO00158,243.33,6.67,rusak saat kirim,partial,WH03,EMP027
GR00152,GR202400152,2024-06-16,PO00159,9.03,0.97,rusak saat kirim,fail,WH02,EMP017
GR00153,GR202400153,2024-09-06,PO00160,250.00,0.00,,pass,WH01,EMP010
GR00154,GR202500154,2025-01-19,PO00161,4615.52,384.48,spesifikasi beda,fail,WH01,EMP035
GR00155,GR202400155,2024-06-13,PO00164,500.00,0.00,,pass,WH03,EMP030
GR00156,GR202500156,2025-11-20,PO00165,223.93,26.07,spesifikasi beda,fail,WH03,EMP003
GR00157,GR202500157,2025-12-11,PO00166,3.86,0.14,rusak saat kirim,partial,WH02,EMP007
GR00158,GR202500158,2025-10-10,PO00168,0.98,0.02,spesifikasi beda,partial,WH02,EMP017
GR00159,GR202600159,2026-01-14,PO00169,98.55,1.45,spesifikasi beda,partial,WH02,EMP005
GR00160,GR202400160,2024-02-03,PO00171,493.85,6.15,spesifikasi beda,partial,WH02,EMP007
GR00161,GR202500161,2025-01-03,PO00172,49.02,0.98,spesifikasi beda,partial,WH02,EMP030
GR00162,GR202400162,2024-11-15,PO00173,244.22,5.78,spesifikasi beda,partial,WH03,EMP004
GR00163,GR202400163,2024-03-07,PO00174,4.51,0.49,kualitas tidak sesuai,fail,WH02,EMP015
GR00164,GR202500164,2025-10-20,PO00175,193.96,6.04,spesifikasi beda,partial,WH02,EMP026
GR00165,GR202400165,2024-10-19,PO00176,953.98,46.02,kualitas tidak sesuai,partial,WH03,EMP005
GR00166,GR202400166,2024-04-26,PO00177,4.45,0.55,rusak saat kirim,fail,WH03,EMP012
GR00167,GR202500167,2025-01-17,PO00178,500.00,0.00,,pass,WH02,EMP020
GR00168,GR202400168,2024-08-24,PO00179,4.75,0.25,kualitas tidak sesuai,partial,WH01,EMP022
GR00169,GR202500169,2025-01-28,PO00180,1.96,0.04,spesifikasi beda,partial,WH03,EMP024
GR00170,GR202400170,2024-04-01,PO00181,4.94,0.06,rusak saat kirim,partial,WH02,EMP022
GR00171,GR202500171,2025-11-03,PO00182,24.24,0.76,kualitas tidak sesuai,partial,WH03,EMP016
GR00172,GR202400172,2024-11-09,PO00183,9.84,0.16,spesifikasi beda,partial,WH01,EMP017
GR00173,GR202500173,2025-01-01,PO00184,97.28,2.72,rusak saat kirim,partial,WH02,EMP029
GR00174,GR202500174,2025-11-18,PO00185,97.90,2.10,kualitas tidak sesuai,partial,WH02,EMP031
GR00175,GR202400175,2024-12-17,PO00186,468.83,31.17,spesifikasi beda,partial,WH03,EMP040
GR00176,GR202500176,2025-02-07,PO00187,98.50,1.50,rusak saat kirim,partial,WH03,EMP004
GR00177,GR202400177,2024-11-05,PO00188,9.77,0.23,spesifikasi beda,partial,WH02,EMP021
GR00178,GR202600178,2026-01-02,PO00189,9.85,0.15,rusak saat kirim,partial,WH01,EMP003
GR00179,GR202500179,2025-02-12,PO00190,484.90,15.10,rusak saat kirim,partial,WH02,EMP026
GR00180,GR202400180,2024-09-09,PO00191,45.88,4.12,rusak saat kirim,fail,WH02,EMP036
GR00181,GR202400181,2024-04-26,PO00192,194.61,5.39,kualitas tidak sesuai,partial,WH01,EMP006
GR00182,GR202500182,2025-07-08,PO00193,2.50,0.00,,pass,WH02,EMP006
GR00183,GR202500183,2025-09-03,PO00194,400.00,0.00,,pass,WH03,EMP009
GR00184,GR202500184,2025-03-07,PO00195,994.72,5.28,rusak saat kirim,partial,WH02,EMP014
GR00185,GR202400185,2024-09-03,PO00196,9.84,0.16,rusak saat kirim,partial,WH03,EMP038
GR00186,GR202500186,2025-07-02,PO00197,9.98,0.02,rusak saat kirim,partial,WH03,EMP008
GR00187,GR202500187,2025-02-06,PO00198,9.76,0.24,spesifikasi beda,partial,WH03,EMP007
GR00188,GR202400188,2024-10-07,PO00199,43.06,6.94,kualitas tidak sesuai,fail,WH03,EMP001
GR00189,GR202500189,2025-05-22,PO00200,404.32,95.68,rusak saat kirim,fail,WH02,EMP039
GR00190,GR202500190,2025-12-11,PO00201,2.27,0.23,rusak saat kirim,partial,WH01,EMP032
GR00191,GR202400191,2024-11-06,PO00202,191.63,8.37,spesifikasi beda,partial,WH01,EMP014
GR00192,GR202500192,2025-11-25,PO00203,979.24,20.76,kualitas tidak sesuai,partial,WH02,EMP004
GR00193,GR202400193,2024-04-21,PO00204,197.20,2.80,spesifikasi beda,partial,WH01,EMP012
GR00194,GR202400194,2024-09-17,PO00205,99.58,0.42,rusak saat kirim,partial,WH03,EMP031
GR00195,GR202500195,2025-09-23,PO00206,244.87,5.13,kualitas tidak sesuai,partial,WH03,EMP017
GR00196,GR202500196,2025-09-23,PO00207,0.98,0.02,kualitas tidak sesuai,partial,WH03,EMP008
GR00197,GR202400197,2024-12-10,PO00208,91.00,9.00,rusak saat kirim,fail,WH03,EMP009
GR00198,GR202400198,2024-08-23,PO00209,458.48,41.52,kualitas tidak sesuai,fail,WH03,EMP036
GR00199,GR202500199,2025-02-15,PO00210,4.82,0.18,spesifikasi beda,partial,WH03,EMP017
GR00200,GR202400200,2024-04-19,PO00211,500.00,0.00,,pass,WH02,EMP018
GR00201,GR202400201,2024-05-18,PO00212,497.42,2.58,kualitas tidak sesuai,partial,WH02,EMP032
GR00202,GR202400202,2024-07-27,PO00213,0.96,0.04,kualitas tidak sesuai,partial,WH03,EMP001
GR00203,GR202500203,2025-10-08,PO00214,1.97,0.03,kualitas tidak sesuai,partial,WH03,EMP008
GR00204,GR202400204,2024-10-23,PO00217,4826.64,173.36,spesifikasi beda,partial,WH01,EMP031
GR00205,GR202400205,2024-11-26,PO00218,99.27,0.73,rusak saat kirim,partial,WH01,EMP035
GR00206,GR202500206,2025-02-13,PO00219,9.87,0.13,kualitas tidak sesuai,partial,WH02,EMP013
GR00207,GR202400207,2024-04-26,PO00221,1.97,0.03,spesifikasi beda,partial,WH03,EMP020
GR00208,GR202400208,2024-04-20,PO00222,1.96,0.04,rusak saat kirim,partial,WH03,EMP016
GR00209,GR202500209,2025-07-26,PO00223,18.46,1.54,spesifikasi beda,fail,WH01,EMP027
GR00210,GR202500210,2025-11-12,PO00224,976.56,23.44,rusak saat kirim,partial,WH03,EMP005
GR00211,GR202400211,2024-10-05,PO00225,9.97,0.03,rusak saat kirim,partial,WH01,EMP022
GR00212,GR202400212,2024-04-19,PO00226,4.94,0.06,rusak saat kirim,partial,WH03,EMP018
GR00213,GR202400213,2024-06-11,PO00227,9.92,0.08,spesifikasi beda,partial,WH02,EMP028
GR00214,GR202400214,2024-04-16,PO00228,1.00,0.00,,pass,WH02,EMP019
GR00215,GR202400215,2024-09-05,PO00229,25.00,0.00,,pass,WH02,EMP035
GR00216,GR202400216,2024-10-16,PO00230,48.58,1.42,rusak saat kirim,partial,WH01,EMP006
GR00217,GR202500217,2025-12-13,PO00232,19.86,0.14,rusak saat kirim,partial,WH03,EMP013
GR00218,GR202500218,2025-03-09,PO00233,39.59,0.41,rusak saat kirim,partial,WH01,EMP024
GR00219,GR202400219,2024-02-01,PO00234,405.81,94.19,spesifikasi beda,fail,WH01,EMP026
GR00220,GR202600220,2026-01-18,PO00235,9.59,0.41,kualitas tidak sesuai,partial,WH01,EMP014
GR00221,GR202400221,2024-05-27,PO00236,10.00,0.00,,pass,WH01,EMP011
GR00222,GR202400222,2024-10-15,PO00237,489.35,10.65,kualitas tidak sesuai,partial,WH01,EMP024
GR00223,GR202400223,2024-04-26,PO00238,1.95,0.05,spesifikasi beda,partial,WH03,EMP013
GR00224,GR202400224,2024-10-28,PO00239,9.53,0.47,spesifikasi beda,partial,WH03,EMP002
GR00225,GR202400225,2024-10-16,PO00241,362.59,37.41,spesifikasi beda,fail,WH03,EMP018
GR00226,GR202400226,2024-07-04,PO00242,9.89,0.11,rusak saat kirim,partial,WH01,EMP011
GR00227,GR202400227,2024-05-24,PO00243,47.55,2.45,spesifikasi beda,partial,WH01,EMP007
GR00228,GR202500228,2025-04-08,PO00244,984.09,15.91,kualitas tidak sesuai,partial,WH02,EMP035
GR00229,GR202500229,2025-11-24,PO00245,9.85,0.15,rusak saat kirim,partial,WH01,EMP039
GR00230,GR202400230,2024-11-11,PO00246,4.72,0.28,rusak saat kirim,partial,WH03,EMP035
GR00231,GR202400231,2024-06-14,PO00247,39.54,0.46,rusak saat kirim,partial,WH02,EMP012
GR00232,GR202500232,2025-04-15,PO00248,18.38,1.62,rusak saat kirim,fail,WH03,EMP019
GR00233,GR202400233,2024-04-21,PO00249,976.35,23.65,kualitas tidak sesuai,partial,WH03,EMP007
GR00234,GR202500234,2025-02-09,PO00250,4962.30,37.70,kualitas tidak sesuai,partial,WH02,EMP038
GR00235,GR202400235,2024-06-20,PO00251,1.99,0.01,rusak saat kirim,partial,WH02,EMP019
GR00236,GR202500236,2025-04-10,PO00252,24.61,0.39,rusak saat kirim,partial,WH02,EMP032
GR00237,GR202500237,2025-06-19,PO00253,397.02,2.98,spesifikasi beda,partial,WH03,EMP038
GR00238,GR202400238,2024-07-26,PO00254,199.23,0.77,kualitas tidak sesuai,partial,WH03,EMP022
GR00239,GR202500239,2025-09-15,PO00255,4.94,0.06,spesifikasi beda,partial,WH03,EMP033
GR00240,GR202500240,2025-09-16,PO00256,49.24,0.76,kualitas tidak sesuai,partial,WH02,EMP004
GR00241,GR202500241,2025-05-13,PO00257,19.69,0.31,spesifikasi beda,partial,WH03,EMP020
GR00242,GR202400242,2024-05-10,PO00258,91.33,8.67,kualitas tidak sesuai,fail,WH02,EMP008
GR00243,GR202400243,2024-06-13,PO00259,20.00,0.00,,pass,WH02,EMP021
GR00244,GR202400244,2024-06-13,PO00260,994.67,5.33,kualitas tidak sesuai,partial,WH01,EMP002
GR00245,GR202400245,2024-05-09,PO00261,996.66,3.34,kualitas tidak sesuai,partial,WH01,EMP013
GR00246,GR202500246,2025-04-02,PO00262,19.79,0.21,kualitas tidak sesuai,partial,WH02,EMP038
GR00247,GR202500247,2025-12-09,PO00263,1972.36,27.64,kualitas tidak sesuai,partial,WH02,EMP025
GR00248,GR202400248,2024-11-03,PO00264,36.76,3.24,rusak saat kirim,fail,WH03,EMP040
GR00249,GR202400249,2024-06-08,PO00265,996.12,3.88,spesifikasi beda,partial,WH03,EMP028
GR00250,GR202400250,2024-12-11,PO00266,5000.00,0.00,,pass,WH03,EMP027
GR00251,GR202500251,2025-05-19,PO00267,1969.95,30.05,kualitas tidak sesuai,partial,WH03,EMP029
GR00252,GR202500252,2025-11-16,PO00268,246.03,3.97,kualitas tidak sesuai,partial,WH02,EMP008
GR00253,GR202500253,2025-10-20,PO00269,44.89,5.11,spesifikasi beda,fail,WH02,EMP040
GR00254,GR202500254,2025-09-02,PO00270,3.67,0.33,rusak saat kirim,fail,WH03,EMP009
GR00255,GR202500255,2025-07-19,PO00271,1.94,0.06,kualitas tidak sesuai,partial,WH01,EMP008
GR00256,GR202500256,2025-05-03,PO00272,0.99,0.01,kualitas tidak sesuai,partial,WH02,EMP029
GR00257,GR202400257,2024-05-02,PO00273,98.19,1.81,kualitas tidak sesuai,partial,WH01,EMP028
GR00258,GR202500258,2025-12-29,PO00274,50.00,0.00,,pass,WH01,EMP020
GR00259,GR202400259,2024-12-24,PO00275,3.86,0.14,spesifikasi beda,partial,WH03,EMP033
GR00260,GR202400260,2024-12-21,PO00276,4.91,0.09,rusak saat kirim,partial,WH01,EMP037
GR00261,GR202400261,2024-07-18,PO00277,244.61,5.39,spesifikasi beda,partial,WH03,EMP004
GR00262,GR202500262,2025-11-09,PO00278,240.79,9.21,kualitas tidak sesuai,partial,WH02,EMP035
GR00263,GR202400263,2024-04-22,PO00279,0.95,0.05,kualitas tidak sesuai,partial,WH02,EMP030
GR00264,GR202500264,2025-10-21,PO00280,39.31,0.69,rusak saat kirim,partial,WH02,EMP039
GR00265,GR202400265,2024-03-23,PO00281,246.53,3.47,kualitas tidak sesuai,partial,WH02,EMP005
GR00266,GR202500266,2025-03-10,PO00282,97.02,2.98,spesifikasi beda,partial,WH02,EMP015
GR00267,GR202500267,2025-01-27,PO00283,50.00,0.00,,pass,WH02,EMP010
GR00268,GR202400268,2024-11-09,PO00284,492.68,7.32,rusak saat kirim,partial,WH01,EMP003
GR00269,GR202400269,2024-05-23,PO00285,363.03,36.97,rusak saat kirim,fail,WH03,EMP004
GR00270,GR202500270,2025-10-12,PO00286,243.13,6.87,rusak saat kirim,partial,WH01,EMP033
GR00271,GR202500271,2025-08-17,PO00287,9.81,0.19,rusak saat kirim,partial,WH02,EMP003
GR00272,GR202500272,2025-08-11,PO00288,48.28,1.72,kualitas tidak sesuai,partial,WH01,EMP020
GR00273,GR202500273,2025-10-26,PO00289,1.99,0.01,kualitas tidak sesuai,partial,WH02,EMP012
GR00274,GR202400274,2024-11-22,PO00290,480.36,19.64,spesifikasi beda,partial,WH01,EMP028
GR00275,GR202400275,2024-11-25,PO00291,204.13,45.87,spesifikasi beda,fail,WH02,EMP035
GR00276,GR202400276,2024-07-24,PO00292,19.74,0.26,rusak saat kirim,partial,WH03,EMP013
GR00277,GR202400277,2024-10-23,PO00293,18.63,1.37,kualitas tidak sesuai,fail,WH01,EMP017
GR00278,GR202400278,2024-07-19,PO00294,2.50,0.00,,pass,WH02,EMP028
GR00279,GR202400279,2024-07-09,PO00295,1853.65,146.35,spesifikasi beda,fail,WH02,EMP030
GR00280,GR202400280,2024-11-15,PO00296,0.98,0.02,kualitas tidak sesuai,partial,WH01,EMP001
GR00281,GR202500281,2025-03-01,PO00297,19.30,0.70,kualitas tidak sesuai,partial,WH02,EMP036
GR00282,GR202400282,2024-08-04,PO00298,496.34,3.66,spesifikasi beda,partial,WH03,EMP023
GR00283,GR202500283,2025-03-27,PO00299,4.57,0.43,kualitas tidak sesuai,fail,WH03,EMP002
GR00284,GR202400284,2024-12-16,PO00300,181.07,18.93,kualitas tidak sesuai,fail,WH02,EMP007
GR00285,GR202500285,2025-08-02,PO00301,2447.67,52.33,kualitas tidak sesuai,partial,WH02,EMP012
GR00286,GR202500286,2025-10-13,PO00302,967.28,32.72,rusak saat kirim,partial,WH03,EMP004
GR00287,GR202500287,2025-03-08,PO00303,50.00,0.00,,pass,WH01,EMP031
GR00288,GR202500288,2025-11-24,PO00304,0.91,0.09,rusak saat kirim,fail,WH03,EMP037
GR00289,GR202500289,2025-06-11,PO00305,9.66,0.34,rusak saat kirim,partial,WH03,EMP028
GR00290,GR202500290,2025-11-03,PO00306,97.73,2.27,rusak saat kirim,partial,WH02,EMP027
GR00291,GR202600291,2026-02-03,PO00307,4.93,0.07,spesifikasi beda,partial,WH02,EMP009
GR00292,GR202500292,2025-01-29,PO00308,96.66,3.34,spesifikasi beda,partial,WH03,EMP039
GR00293,GR202500293,2025-08-13,PO00309,2.00,0.00,,pass,WH03,EMP002
GR00294,GR202500294,2025-08-29,PO00310,97.04,2.96,spesifikasi beda,partial,WH01,EMP013
GR00295,GR202400295,2024-06-20,PO00311,1.82,0.18,rusak saat kirim,fail,WH01,EMP016
GR00296,GR202500296,2025-08-14,PO00312,100.00,0.00,,pass,WH02,EMP027
GR00297,GR202500297,2025-01-08,PO00313,493.67,6.33,spesifikasi beda,partial,WH01,EMP016
GR00298,GR202400298,2024-08-20,PO00314,908.40,91.60,rusak saat kirim,fail,WH03,EMP034
GR00299,GR202500299,2025-05-30,PO00315,39.70,0.30,spesifikasi beda,partial,WH01,EMP002
GR00300,GR202500300,2025-12-23,PO00316,492.22,7.78,kualitas tidak sesuai,partial,WH01,EMP014
GR00301,GR202500301,2025-07-18,PO00317,91.00,9.00,kualitas tidak sesuai,fail,WH02,EMP012
GR00302,GR202500302,2025-07-24,PO00318,200.00,0.00,,pass,WH02,EMP040
GR00303,GR202500303,2025-12-31,PO00319,0.97,0.03,rusak saat kirim,partial,WH03,EMP011
GR00304,GR202500304,2025-08-30,PO00320,24.60,0.40,kualitas tidak sesuai,partial,WH01,EMP013
GR00305,GR202600305,2026-01-08,PO00321,973.38,26.62,rusak saat kirim,partial,WH03,EMP027
GR00306,GR202600306,2026-01-27,PO00322,447.51,52.49,rusak saat kirim,fail,WH03,EMP031
GR00307,GR202500307,2025-11-08,PO00323,25.00,0.00,,pass,WH02,EMP019
GR00308,GR202500308,2025-03-15,PO00324,4.91,0.09,spesifikasi beda,partial,WH01,EMP036
GR00309,GR202400309,2024-06-25,PO00326,497.22,2.78,kualitas tidak sesuai,partial,WH02,EMP022
GR00310,GR202400310,2024-06-09,PO00327,19.59,0.41,rusak saat kirim,partial,WH03,EMP006
GR00311,GR202500311,2025-05-25,PO00328,194.95,5.05,kualitas tidak sesuai,partial,WH03,EMP034
GR00312,GR202500312,2025-09-25,PO00329,0.90,0.10,spesifikasi beda,fail,WH01,EMP020
GR00313,GR202400313,2024-10-07,PO00330,24.37,0.63,spesifikasi beda,partial,WH02,EMP029
GR00314,GR202400314,2024-08-30,PO00331,1.00,0.00,,pass,WH02,EMP030
GR00315,GR202500315,2025-03-10,PO00332,98.66,1.34,spesifikasi beda,partial,WH01,EMP033
GR00316,GR202400316,2024-12-24,PO00333,4.55,0.45,rusak saat kirim,fail,WH01,EMP038
GR00317,GR202500317,2025-10-30,PO00334,196.75,3.25,spesifikasi beda,partial,WH01,EMP027
GR00318,GR202500318,2025-07-15,PO00335,200.00,0.00,,pass,WH02,EMP014
GR00319,GR202500319,2025-11-07,PO00336,2487.76,12.24,rusak saat kirim,partial,WH01,EMP002
GR00320,GR202400320,2024-12-14,PO00337,1936.70,63.30,rusak saat kirim,partial,WH03,EMP014
GR00321,GR202400321,2024-04-10,PO00338,0.99,0.01,kualitas tidak sesuai,partial,WH03,EMP029
GR00322,GR202500322,2025-07-15,PO00339,1.96,0.04,rusak saat kirim,partial,WH01,EMP006
GR00323,GR202400323,2024-11-17,PO00340,48.92,1.08,spesifikasi beda,partial,WH03,EMP006
GR00324,GR202500324,2025-05-25,PO00341,49.04,0.96,rusak saat kirim,partial,WH02,EMP003
GR00325,GR202400325,2024-03-16,PO00342,9.87,0.13,spesifikasi beda,partial,WH03,EMP040
GR00326,GR202400326,2024-07-06,PO00344,179.89,20.11,spesifikasi beda,fail,WH01,EMP033
GR00327,GR202500327,2025-08-04,PO00345,0.92,0.08,rusak saat kirim,fail,WH03,EMP002
GR00328,GR202400328,2024-03-10,PO00346,5.00,0.00,,pass,WH01,EMP032
GR00329,GR202400329,2024-06-18,PO00348,19.84,0.16,spesifikasi beda,partial,WH02,EMP033
GR00330,GR202400330,2024-11-28,PO00349,101.98,23.02,rusak saat kirim,fail,WH01,EMP001
GR00331,GR202400331,2024-04-15,PO00350,945.85,54.15,kualitas tidak sesuai,fail,WH01,EMP033
GR00332,GR202600332,2026-02-09,PO00351,9.69,0.31,kualitas tidak sesuai,partial,WH03,EMP019
GR00333,GR202400333,2024-06-24,PO00352,4.83,0.17,spesifikasi beda,partial,WH03,EMP036
GR00334,GR202400334,2024-07-22,PO00353,49.13,0.87,spesifikasi beda,partial,WH01,EMP027
GR00335,GR202500335,2025-05-12,PO00354,198.64,1.36,spesifikasi beda,partial,WH02,EMP026
GR00336,GR202400336,2024-10-05,PO00355,1.00,0.00,,pass,WH02,EMP030
GR00337,GR202500337,2025-05-22,PO00356,487.01,12.99,rusak saat kirim,partial,WH01,EMP036
GR00338,GR202500338,2025-05-31,PO00357,183.87,16.13,kualitas tidak sesuai,fail,WH03,EMP022
GR00339,GR202400339,2024-02-19,PO00358,4.94,0.06,spesifikasi beda,partial,WH02,EMP010
GR00340,GR202400340,2024-03-04,PO00359,5.00,0.00,,pass,WH01,EMP038
GR00341,GR202500341,2025-02-27,PO00360,2465.12,34.88,kualitas tidak sesuai,partial,WH02,EMP004
GR00342,GR202500342,2025-03-16,PO00361,182.61,17.39,kualitas tidak sesuai,fail,WH01,EMP005
GR00343,GR202400343,2024-11-26,PO00362,0.94,0.06,spesifikasi beda,partial,WH01,EMP040
GR00344,GR202500344,2025-10-29,PO00363,19.60,0.40,kualitas tidak sesuai,partial,WH01,EMP025
GR00345,GR202400345,2024-06-15,PO00364,99.33,0.67,kualitas tidak sesuai,partial,WH03,EMP007
GR00346,GR202400346,2024-11-11,PO00365,0.96,0.04,rusak saat kirim,partial,WH02,EMP035
GR00347,GR202500347,2025-08-10,PO00366,978.37,21.63,spesifikasi beda,partial,WH01,EMP012
GR00348,GR202400348,2024-12-03,PO00367,49.18,0.82,spesifikasi beda,partial,WH02,EMP028
GR00349,GR202400349,2024-10-20,PO00368,45.77,4.23,kualitas tidak sesuai,fail,WH01,EMP037
GR00350,GR202400350,2024-08-29,PO00369,1.97,0.03,rusak saat kirim,partial,WH02,EMP005
GR00351,GR202500351,2025-09-27,PO00370,910.28,89.72,rusak saat kirim,fail,WH03,EMP037
GR00352,GR202400352,2024-05-11,PO00371,49.99,0.01,rusak saat kirim,partial,WH02,EMP030
GR00353,GR202500353,2025-07-18,PO00372,4.89,0.11,kualitas tidak sesuai,partial,WH01,EMP026
GR00354,GR202500354,2025-04-02,PO00373,2492.07,7.93,kualitas tidak sesuai,partial,WH03,EMP021
GR00355,GR202400355,2024-06-07,PO00374,9.92,0.08,rusak saat kirim,partial,WH01,EMP036
GR00356,GR202400356,2024-02-11,PO00375,2.00,0.00,,pass,WH01,EMP024
GR00357,GR202500357,2025-11-18,PO00376,7.96,2.04,rusak saat kirim,fail,WH01,EMP013
GR00358,GR202500358,2025-04-10,PO00377,9.78,0.22,spesifikasi beda,partial,WH03,EMP030
GR00359,GR202400359,2024-07-04,PO00378,45.33,4.67,spesifikasi beda,fail,WH03,EMP019
GR00360,GR202400360,2024-01-26,PO00379,1.98,0.02,rusak saat kirim,partial,WH02,EMP002
GR00361,GR202500361,2025-03-28,PO00380,980.64,19.36,spesifikasi beda,partial,WH03,EMP039
GR00362,GR202500362,2025-05-07,PO00381,194.21,5.79,rusak saat kirim,partial,WH01,EMP030
GR00363,GR202500363,2025-08-02,PO00382,2474.37,25.63,spesifikasi beda,partial,WH02,EMP031
GR00364,GR202500364,2025-07-10,PO00383,9.77,0.23,spesifikasi beda,partial,WH02,EMP013
GR00365,GR202500365,2025-11-07,PO00384,199.64,0.36,rusak saat kirim,partial,WH03,EMP040
GR00366,GR202400366,2024-02-09,PO00385,1.91,0.09,spesifikasi beda,partial,WH03,EMP002
GR00367,GR202400367,2024-12-29,PO00386,1000.00,0.00,,pass,WH01,EMP006
GR00368,GR202500368,2025-08-13,PO00387,99.81,0.19,spesifikasi beda,partial,WH01,EMP006
GR00369,GR202500369,2025-08-06,PO00388,4.82,0.18,spesifikasi beda,partial,WH01,EMP011
GR00370,GR202400370,2024-04-02,PO00390,1.98,0.02,kualitas tidak sesuai,partial,WH01,EMP027
GR00371,GR202400371,2024-12-07,PO00391,0.97,0.03,spesifikasi beda,partial,WH02,EMP017
GR00372,GR202500372,2025-06-29,PO00393,48.89,1.11,kualitas tidak sesuai,partial,WH01,EMP026
GR00373,GR202400373,2024-08-27,PO00394,197.29,2.71,kualitas tidak sesuai,partial,WH02,EMP018
GR00374,GR202500374,2025-05-27,PO00395,9.21,0.79,rusak saat kirim,fail,WH02,EMP020
GR00375,GR202500375,2025-02-05,PO00396,196.84,3.16,kualitas tidak sesuai,partial,WH01,EMP016
GR00376,GR202600376,2026-01-08,PO00397,99.89,0.11,rusak saat kirim,partial,WH03,EMP019
GR00377,GR202600377,2026-01-22,PO00398,100.00,0.00,,pass,WH01,EMP025
GR00378,GR202500378,2025-11-21,PO00399,19.85,0.15,rusak saat kirim,partial,WH01,EMP001
GR00379,GR202500379,2025-06-08,PO00400,22.82,2.18,rusak saat kirim,fail,WH02,EMP005
GR00380,GR202500380,2025-08-04,PO00401,246.21,3.79,spesifikasi beda,partial,WH02,EMP005
GR00381,GR202500381,2025-06-02,PO00402,1.97,0.03,spesifikasi beda,partial,WH03,EMP036
GR00382,GR202400382,2024-10-18,PO00403,0.98,0.02,kualitas tidak sesuai,partial,WH03,EMP027
GR00383,GR202400383,2024-08-01,PO00404,88.94,11.06,rusak saat kirim,fail,WH03,EMP037
GR00384,GR202500384,2025-12-12,PO00405,198.50,1.50,rusak saat kirim,partial,WH03,EMP014
GR00385,GR202600385,2026-01-08,PO00406,1.00,0.00,,pass,WH02,EMP036
GR00386,GR202500386,2025-04-13,PO00407,4546.65,453.35,spesifikasi beda,fail,WH02,EMP017
GR00387,GR202500387,2025-11-25,PO00409,199.92,0.08,kualitas tidak sesuai,partial,WH01,EMP011
GR00388,GR202400388,2024-08-21,PO00410,19.30,0.70,spesifikasi beda,partial,WH03,EMP038
GR00389,GR202500389,2025-07-12,PO00411,991.34,8.66,rusak saat kirim,partial,WH03,EMP005
GR00390,GR202500390,2025-08-21,PO00412,19.42,0.58,rusak saat kirim,partial,WH02,EMP017
GR00391,GR202500391,2025-08-04,PO00413,3.64,0.36,rusak saat kirim,fail,WH01,EMP033
GR00392,GR202400392,2024-10-15,PO00414,0.96,0.04,kualitas tidak sesuai,partial,WH03,EMP005
GR00393,GR202400393,2024-03-23,PO00415,182.09,17.91,kualitas tidak sesuai,fail,WH03,EMP009
GR00394,GR202400394,2024-05-11,PO00416,98.75,1.25,kualitas tidak sesuai,partial,WH01,EMP017
GR00395,GR202500395,2025-01-19,PO00417,916.75,83.25,kualitas tidak sesuai,fail,WH03,EMP037
GR00396,GR202400396,2024-08-13,PO00418,449.54,50.46,kualitas tidak sesuai,fail,WH02,EMP015
GR00397,GR202400397,2024-05-19,PO00419,10.55,1.95,rusak saat kirim,fail,WH01,EMP013
GR00398,GR202500398,2025-09-11,PO00420,90.00,10.00,kualitas tidak sesuai,fail,WH01,EMP015
GR00399,GR202500399,2025-07-08,PO00421,19.22,0.78,spesifikasi beda,partial,WH01,EMP040
GR00400,GR202400400,2024-08-29,PO00422,182.91,17.09,rusak saat kirim,fail,WH03,EMP001
GR00401,GR202400401,2024-05-21,PO00423,49.15,0.85,rusak saat kirim,partial,WH02,EMP004
GR00402,GR202400402,2024-04-01,PO00425,9.57,0.43,kualitas tidak sesuai,partial,WH01,EMP025
GR00403,GR202400403,2024-04-17,PO00426,9.99,0.01,kualitas tidak sesuai,partial,WH01,EMP018
GR00404,GR202400404,2024-04-19,PO00427,194.31,5.69,rusak saat kirim,partial,WH01,EMP040
GR00405,GR202500405,2025-05-06,PO00428,91.01,8.99,spesifikasi beda,fail,WH02,EMP039
GR00406,GR202500406,2025-09-12,PO00429,48.38,1.62,spesifikasi beda,partial,WH03,EMP005
GR00407,GR202400407,2024-08-25,PO00430,498.60,1.40,rusak saat kirim,partial,WH02,EMP019
GR00408,GR202400408,2024-08-10,PO00431,2438.13,61.87,rusak saat kirim,partial,WH02,EMP039
GR00409,GR202400409,2024-05-11,PO00432,39.39,0.61,spesifikasi beda,partial,WH02,EMP005
GR00410,GR202400410,2024-02-11,PO00433,249.54,0.46,spesifikasi beda,partial,WH02,EMP032
GR00411,GR202400411,2024-04-23,PO00434,49.60,0.40,spesifikasi beda,partial,WH01,EMP005
GR00412,GR202400412,2024-05-04,PO00435,99.47,0.53,rusak saat kirim,partial,WH03,EMP005
GR00413,GR202400413,2024-12-01,PO00436,99.08,0.92,spesifikasi beda,partial,WH02,EMP033
GR00414,GR202500414,2025-03-13,PO00437,97.61,2.39,rusak saat kirim,partial,WH01,EMP034
GR00415,GR202400415,2024-08-30,PO00438,19.32,0.68,spesifikasi beda,partial,WH03,EMP034
GR00416,GR202400416,2024-09-08,PO00439,4529.34,470.66,rusak saat kirim,fail,WH01,EMP001
GR00417,GR202500417,2025-07-13,PO00440,19.86,0.14,kualitas tidak sesuai,partial,WH01,EMP040
GR00418,GR202600418,2026-01-11,PO00441,22.55,2.45,rusak saat kirim,fail,WH02,EMP010
GR00419,GR202400419,2024-12-20,PO00442,425.26,74.74,rusak saat kirim,fail,WH02,EMP005
GR00420,GR202500420,2025-01-19,PO00443,1000.00,0.00,,pass,WH03,EMP038
GR00421,GR202400421,2024-05-11,PO00445,9.92,0.08,kualitas tidak sesuai,partial,WH02,EMP023
GR00422,GR202400422,2024-09-05,PO00446,4.94,0.06,rusak saat kirim,partial,WH01,EMP034
GR00423,GR202500423,2025-01-06,PO00447,4.51,0.49,spesifikasi beda,fail,WH01,EMP025
GR00424,GR202500424,2025-10-11,PO00448,9.71,0.29,kualitas tidak sesuai,partial,WH03,EMP002
GR00425,GR202400425,2024-04-14,PO00449,459.45,40.55,spesifikasi beda,fail,WH02,EMP002
GR00426,GR202400426,2024-04-03,PO00450,488.52,11.48,rusak saat kirim,partial,WH02,EMP040
GR00427,GR202500427,2025-05-24,PO00451,930.00,70.00,spesifikasi beda,fail,WH01,EMP010
GR00428,GR202500428,2025-07-31,PO00452,467.00,33.00,spesifikasi beda,fail,WH02,EMP032
GR00429,GR202400429,2024-03-08,PO00453,19.67,0.33,kualitas tidak sesuai,partial,WH02,EMP026
GR00430,GR202500430,2025-09-11,PO00454,39.37,0.63,spesifikasi beda,partial,WH02,EMP001
GR00431,GR202500431,2025-02-10,PO00455,0.92,0.08,rusak saat kirim,fail,WH01,EMP036
GR00432,GR202500432,2025-02-11,PO00456,3.95,0.05,rusak saat kirim,partial,WH01,EMP009
GR00433,GR202400433,2024-11-12,PO00457,2.03,0.47,rusak saat kirim,fail,WH01,EMP007
GR00434,GR202400434,2024-12-17,PO00458,0.91,0.09,spesifikasi beda,fail,WH02,EMP013
GR00435,GR202400435,2024-04-08,PO00459,19.65,0.35,rusak saat kirim,partial,WH03,EMP005
GR00436,GR202400436,2024-05-25,PO00460,898.82,101.18,kualitas tidak sesuai,fail,WH03,EMP004
GR00437,GR202400437,2024-08-07,PO00461,1.84,0.16,spesifikasi beda,fail,WH02,EMP028
GR00438,GR202500438,2025-06-10,PO00462,1993.19,6.81,kualitas tidak sesuai,partial,WH01,EMP029
GR00439,GR202500439,2025-05-08,PO00463,2306.70,193.30,rusak saat kirim,fail,WH02,EMP025
GR00440,GR202600440,2026-01-26,PO00464,100.00,0.00,,pass,WH01,EMP018
GR00441,GR202500441,2025-01-20,PO00465,92.06,7.94,spesifikasi beda,fail,WH01,EMP031
GR00442,GR202500442,2025-02-16,PO00467,45.62,4.38,rusak saat kirim,fail,WH01,EMP016
GR00443,GR202400443,2024-04-10,PO00468,20.00,0.00,,pass,WH02,EMP027
GR00444,GR202400444,2024-03-16,PO00469,4.62,0.38,spesifikasi beda,fail,WH02,EMP003
GR00445,GR202400445,2024-12-11,PO00470,49.43,0.57,kualitas tidak sesuai,partial,WH03,EMP016
GR00446,GR202500446,2025-08-14,PO00471,182.66,17.34,kualitas tidak sesuai,fail,WH02,EMP003
GR00447,GR202400447,2024-08-19,PO00472,0.90,0.10,spesifikasi beda,fail,WH03,EMP002
GR00448,GR202500448,2025-11-24,PO00473,0.92,0.08,rusak saat kirim,fail,WH03,EMP009
GR00449,GR202500449,2025-08-18,PO00474,9.88,0.12,spesifikasi beda,partial,WH03,EMP040
GR00450,GR202400450,2024-02-19,PO00475,4.81,0.19,spesifikasi beda,partial,WH03,EMP012
GR00451,GR202400451,2024-02-13,PO00476,484.64,15.36,spesifikasi beda,partial,WH01,EMP027
GR00452,GR202400452,2024-03-30,PO00477,46.52,3.48,rusak saat kirim,fail,WH02,EMP010
GR00453,GR202500453,2025-11-04,PO00478,100.00,0.00,,pass,WH03,EMP021
GR00454,GR202400454,2024-01-31,PO00479,89.45,10.55,rusak saat kirim,fail,WH02,EMP026
GR00455,GR202500455,2025-02-16,PO00480,491.89,8.11,rusak saat kirim,partial,WH01,EMP006
GR00456,GR202500456,2025-06-01,PO00481,46.00,4.00,spesifikasi beda,fail,WH01,EMP015
GR00457,GR202500457,2025-05-16,PO00482,3.91,0.09,spesifikasi beda,partial,WH03,EMP011
GR00458,GR202500458,2025-07-29,PO00483,243.75,6.25,kualitas tidak sesuai,partial,WH01,EMP039
GR00459,GR202400459,2024-04-12,PO00484,185.11,14.89,rusak saat kirim,fail,WH03,EMP036
GR00460,GR202400460,2024-12-19,PO00485,5.00,0.00,,pass,WH03,EMP017
GR00461,GR202600461,2026-01-24,PO00486,97.17,2.83,kualitas tidak sesuai,partial,WH03,EMP030
GR00462,GR202500462,2025-12-28,PO00487,1951.23,48.77,spesifikasi beda,partial,WH01,EMP009
GR00463,GR202400463,2024-10-23,PO00488,96.89,3.11,spesifikasi beda,partial,WH02,EMP006
GR00464,GR202400464,2024-05-27,PO00489,4496.41,503.59,spesifikasi beda,fail,WH03,EMP020
GR00465,GR202500465,2025-03-18,PO00490,3.99,0.01,spesifikasi beda,partial,WH03,EMP008
GR00466,GR202500466,2025-01-11,PO00491,2415.41,84.59,kualitas tidak sesuai,partial,WH03,EMP018
GR00467,GR202500467,2025-03-12,PO00492,4.84,0.16,rusak saat kirim,partial,WH02,EMP026
GR00468,GR202400468,2024-12-29,PO00493,49.59,0.41,kualitas tidak sesuai,partial,WH02,EMP017
GR00469,GR202400469,2024-02-19,PO00494,1.94,0.06,rusak saat kirim,partial,WH02,EMP038
GR00470,GR202500470,2025-10-22,PO00495,959.25,40.75,spesifikasi beda,partial,WH02,EMP016
GR00471,GR202500471,2025-03-20,PO00496,970.17,29.83,rusak saat kirim,partial,WH03,EMP007
GR00472,GR202500472,2025-03-30,PO00497,49.92,0.08,spesifikasi beda,partial,WH02,EMP003
GR00473,GR202500473,2025-04-10,PO00498,2443.46,56.54,spesifikasi beda,partial,WH03,EMP039
GR00474,GR202500474,2025-08-25,PO00499,48.47,1.53,spesifikasi beda,partial,WH01,EMP013
GR00475,GR202400475,2024-07-23,PO00500,0.91,0.09,rusak saat kirim,fail,WH02,EMP005
GR00476,GR202400476,2024-01-26,PO00501,9.76,0.24,kualitas tidak sesuai,partial,WH01,EMP033
GR00477,GR202500477,2025-11-28,PO00502,178.00,22.00,rusak saat kirim,fail,WH02,EMP022
GR00478,GR202400478,2024-04-07,PO00503,984.22,15.78,kualitas tidak sesuai,partial,WH03,EMP016
GR00479,GR202400479,2024-06-27,PO00504,4839.47,160.53,kualitas tidak sesuai,partial,WH01,EMP006
GR00480,GR202500480,2025-08-23,PO00505,49.28,0.72,spesifikasi beda,partial,WH01,EMP036
GR00481,GR202500481,2025-05-30,PO00506,989.81,10.19,spesifikasi beda,partial,WH01,EMP038
GR00482,GR202500482,2025-06-14,PO00507,9.10,0.90,kualitas tidak sesuai,fail,WH02,EMP025
GR00483,GR202400483,2024-09-20,PO00508,2500.00,0.00,,pass,WH02,EMP013
GR00484,GR202500484,2025-03-07,PO00509,4.88,0.12,kualitas tidak sesuai,partial,WH02,EMP023
GR00485,GR202500485,2025-07-27,PO00511,248.95,1.05,kualitas tidak sesuai,partial,WH01,EMP011
GR00486,GR202500486,2025-07-12,PO00512,97.60,2.40,kualitas tidak sesuai,partial,WH01,EMP036
GR00487,GR202500487,2025-10-05,PO00513,37.01,2.99,kualitas tidak sesuai,fail,WH01,EMP010
GR00488,GR202400488,2024-11-14,PO00514,194.98,5.02,rusak saat kirim,partial,WH01,EMP020
GR00489,GR202500489,2025-09-11,PO00515,195.63,4.37,rusak saat kirim,partial,WH02,EMP009
GR00490,GR202400490,2024-01-14,PO00517,3.94,0.06,rusak saat kirim,partial,WH03,EMP016
GR00491,GR202400491,2024-11-10,PO00518,2485.20,14.80,rusak saat kirim,partial,WH02,EMP014
GR00492,GR202500492,2025-05-23,PO00519,49.96,0.04,spesifikasi beda,partial,WH03,EMP011
GR00493,GR202400493,2024-10-26,PO00520,0.90,0.10,spesifikasi beda,fail,WH03,EMP035
GR00494,GR202500494,2025-04-03,PO00521,48.15,1.85,kualitas tidak sesuai,partial,WH02,EMP026
GR00495,GR202600495,2026-02-13,PO00522,997.46,2.54,rusak saat kirim,partial,WH02,EMP002
GR00496,GR202500496,2025-04-07,PO00523,9.78,0.22,kualitas tidak sesuai,partial,WH02,EMP016
GR00497,GR202400497,2024-03-09,PO00524,18.92,1.08,rusak saat kirim,fail,WH02,EMP002
GR00498,GR202400498,2024-11-29,PO00526,195.42,4.58,kualitas tidak sesuai,partial,WH01,EMP024
GR00499,GR202500499,2025-06-10,PO00527,0.97,0.03,kualitas tidak sesuai,partial,WH03,EMP005
GR00500,GR202500500,2025-02-18,PO00528,9.75,0.25,rusak saat kirim,partial,WH03,EMP039
GR00501,GR202400501,2024-03-26,PO00529,498.02,1.98,spesifikasi beda,partial,WH01,EMP005
GR00502,GR202400502,2024-05-31,PO00530,9.68,0.32,kualitas tidak sesuai,partial,WH01,EMP011
GR00503,GR202500503,2025-06-04,PO00531,4877.80,122.20,kualitas tidak sesuai,partial,WH01,EMP004
GR00504,GR202400504,2024-04-28,PO00532,98.89,1.11,spesifikasi beda,partial,WH03,EMP027
GR00505,GR202600505,2026-02-16,PO00533,0.99,0.01,kualitas tidak sesuai,partial,WH03,EMP036
GR00506,GR202500506,2025-11-26,PO00534,0.96,0.04,rusak saat kirim,partial,WH02,EMP026
GR00507,GR202400507,2024-11-13,PO00535,1.93,0.07,kualitas tidak sesuai,partial,WH03,EMP017
GR00508,GR202400508,2024-03-03,PO00536,19.77,0.23,rusak saat kirim,partial,WH03,EMP027
GR00509,GR202400509,2024-03-21,PO00537,9.80,0.20,spesifikasi beda,partial,WH03,EMP015
GR00510,GR202400510,2024-05-23,PO00538,97.61,2.39,kualitas tidak sesuai,partial,WH01,EMP003
GR00511,GR202500511,2025-11-14,PO00539,2.39,0.11,spesifikasi beda,partial,WH02,EMP023
GR00512,GR202400512,2024-05-22,PO00540,1.83,0.17,kualitas tidak sesuai,fail,WH03,EMP029
GR00513,GR202400513,2024-08-27,PO00541,1.94,0.06,spesifikasi beda,partial,WH02,EMP035
GR00514,GR202400514,2024-09-16,PO00542,991.70,8.30,kualitas tidak sesuai,partial,WH01,EMP014
GR00515,GR202400515,2024-04-14,PO00544,90.70,9.30,spesifikasi beda,fail,WH03,EMP028
GR00516,GR202400516,2024-04-02,PO00545,100.00,0.00,,pass,WH02,EMP021
GR00517,GR202400517,2024-09-17,PO00546,50.00,0.00,,pass,WH03,EMP026
GR00518,GR202400518,2024-07-10,PO00547,39.48,0.52,rusak saat kirim,partial,WH03,EMP011
GR00519,GR202500519,2025-09-12,PO00548,975.12,24.88,kualitas tidak sesuai,partial,WH02,EMP007
GR00520,GR202500520,2025-12-10,PO00549,9.20,0.80,kualitas tidak sesuai,fail,WH01,EMP030
GR00521,GR202400521,2024-10-07,PO00550,10.00,0.00,,pass,WH01,EMP011
GR00522,GR202500522,2025-11-27,PO00551,0.98,0.02,rusak saat kirim,partial,WH02,EMP035
GR00523,GR202500523,2025-08-18,PO00552,0.98,0.02,rusak saat kirim,partial,WH02,EMP040
GR00524,GR202500524,2025-08-06,PO00553,23.42,1.58,spesifikasi beda,partial,WH03,EMP021
GR00525,GR202400525,2024-10-01,PO00554,93.69,6.31,rusak saat kirim,fail,WH02,EMP014
GR00526,GR202500526,2025-08-14,PO00555,500.00,0.00,,pass,WH02,EMP031
GR00527,GR202400527,2024-05-12,PO00556,199.91,0.09,rusak saat kirim,partial,WH02,EMP004
GR00528,GR202600528,2026-01-22,PO00557,100.00,0.00,,pass,WH02,EMP040
GR00529,GR202500529,2025-11-05,PO00558,1.96,0.04,spesifikasi beda,partial,WH03,EMP039
GR00530,GR202500530,2025-06-01,PO00559,922.99,77.01,kualitas tidak sesuai,fail,WH02,EMP024
GR00531,GR202500531,2025-12-28,PO00560,196.98,3.02,spesifikasi beda,partial,WH01,EMP001
GR00532,GR202400532,2024-07-17,PO00561,35.54,4.46,spesifikasi beda,fail,WH03,EMP034
GR00533,GR202500533,2025-01-20,PO00562,49.28,0.72,rusak saat kirim,partial,WH01,EMP005
GR00534,GR202400534,2024-06-13,PO00563,245.42,4.58,rusak saat kirim,partial,WH02,EMP013
GR00535,GR202400535,2024-04-28,PO00564,45.63,4.37,spesifikasi beda,fail,WH02,EMP025
GR00536,GR202600536,2026-02-11,PO00565,0.97,0.03,kualitas tidak sesuai,partial,WH02,EMP010
GR00537,GR202500537,2025-04-09,PO00566,98.54,1.46,kualitas tidak sesuai,partial,WH01,EMP009
GR00538,GR202500538,2025-01-19,PO00567,198.60,1.40,spesifikasi beda,partial,WH01,EMP020
GR00539,GR202500539,2025-12-02,PO00568,20.00,0.00,,pass,WH03,EMP005
GR00540,GR202400540,2024-09-11,PO00569,4817.95,182.05,spesifikasi beda,partial,WH03,EMP006
GR00541,GR202500541,2025-01-06,PO00571,399.16,0.84,spesifikasi beda,partial,WH01,EMP019
GR00542,GR202600542,2026-01-07,PO00572,9.80,0.20,kualitas tidak sesuai,partial,WH03,EMP034
GR00543,GR202500543,2025-03-31,PO00573,49.28,0.72,rusak saat kirim,partial,WH03,EMP031
GR00544,GR202400544,2024-09-25,PO00574,479.63,20.37,spesifikasi beda,partial,WH03,EMP016
GR00545,GR202400545,2024-05-25,PO00575,9.90,0.10,spesifikasi beda,partial,WH02,EMP012
GR00546,GR202400546,2024-12-17,PO00576,240.24,9.76,rusak saat kirim,partial,WH02,EMP034
GR00547,GR202400547,2024-09-25,PO00577,9.82,0.18,kualitas tidak sesuai,partial,WH02,EMP005
GR00548,GR202600548,2026-01-21,PO00578,482.04,17.96,kualitas tidak sesuai,partial,WH03,EMP027
GR00549,GR202500549,2025-05-08,PO00579,223.09,26.91,kualitas tidak sesuai,fail,WH01,EMP027
GR00550,GR202500550,2025-05-22,PO00580,232.10,17.90,kualitas tidak sesuai,fail,WH03,EMP031
GR00551,GR202500551,2025-07-06,PO00581,44.86,5.14,kualitas tidak sesuai,fail,WH03,EMP040
GR00552,GR202400552,2024-11-11,PO00582,181.80,18.20,rusak saat kirim,fail,WH02,EMP018
GR00553,GR202400553,2024-06-08,PO00583,4.98,0.02,rusak saat kirim,partial,WH01,EMP034
GR00554,GR202400554,2024-11-02,PO00584,4.64,0.36,spesifikasi beda,partial,WH03,EMP024
GR00555,GR202400555,2024-01-16,PO00585,447.28,52.72,spesifikasi beda,fail,WH02,EMP023
GR00556,GR202500556,2025-09-16,PO00586,10.00,0.00,,pass,WH02,EMP003
GR00557,GR202500557,2025-06-06,PO00587,488.12,11.88,spesifikasi beda,partial,WH01,EMP007
GR00558,GR202500558,2025-07-13,PO00588,49.49,0.51,rusak saat kirim,partial,WH02,EMP037
GR00559,GR202500559,2025-10-28,PO00590,10.00,0.00,,pass,WH03,EMP030
GR00560,GR202400560,2024-10-24,PO00591,19.66,0.34,kualitas tidak sesuai,partial,WH01,EMP036
GR00561,GR202400561,2024-04-29,PO00592,45.28,4.72,kualitas tidak sesuai,fail,WH03,EMP001
GR00562,GR202400562,2024-07-24,PO00593,9.90,0.10,spesifikasi beda,partial,WH02,EMP027
GR00563,GR202500563,2025-04-24,PO00594,20.00,0.00,,pass,WH01,EMP010
GR00564,GR202500564,2025-09-15,PO00595,3.96,0.04,rusak saat kirim,partial,WH02,EMP017
GR00565,GR202400565,2024-05-18,PO00596,91.01,8.99,kualitas tidak sesuai,fail,WH03,EMP022
GR00566,GR202400566,2024-04-10,PO00597,98.98,1.02,kualitas tidak sesuai,partial,WH02,EMP001
GR00567,GR202500567,2025-02-13,PO00598,9.99,0.01,spesifikasi beda,partial,WH02,EMP017
GR00568,GR202400568,2024-07-23,PO00599,4.96,0.04,kualitas tidak sesuai,partial,WH02,EMP023
GR00569,GR202400569,2024-09-20,PO00600,9.50,0.50,rusak saat kirim,partial,WH02,EMP027
GR00570,GR202500570,2025-08-27,PO00601,199.51,0.49,rusak saat kirim,partial,WH02,EMP010
GR00571,GR202500571,2025-02-27,PO00602,0.99,0.01,kualitas tidak sesuai,partial,WH01,EMP020
GR00572,GR202400572,2024-04-13,PO00603,1.96,0.04,spesifikasi beda,partial,WH01,EMP016
GR00573,GR202400573,2024-09-27,PO00604,904.96,95.04,rusak saat kirim,fail,WH02,EMP034
GR00574,GR202500574,2025-05-14,PO00605,983.00,17.00,rusak saat kirim,partial,WH02,EMP015
GR00575,GR202500575,2025-04-04,PO00606,2399.42,100.58,rusak saat kirim,partial,WH02,EMP006
GR00576,GR202400576,2024-06-11,PO00607,2397.21,102.79,spesifikasi beda,partial,WH02,EMP040
GR00577,GR202600577,2026-01-15,PO00608,968.22,31.78,spesifikasi beda,partial,WH01,EMP029
GR00578,GR202500578,2025-03-01,PO00609,9.57,0.43,spesifikasi beda,partial,WH01,EMP031
GR00579,GR202500579,2025-08-30,PO00611,489.27,10.73,rusak saat kirim,partial,WH02,EMP024
GR00580,GR202400580,2024-09-21,PO00612,96.38,3.62,rusak saat kirim,partial,WH02,EMP012
GR00581,GR202500581,2025-10-12,PO00613,4.98,0.02,rusak saat kirim,partial,WH03,EMP025
GR00582,GR202500582,2025-12-19,PO00614,2389.80,110.20,kualitas tidak sesuai,partial,WH02,EMP033
GR00583,GR202400583,2024-11-20,PO00615,24.28,0.72,rusak saat kirim,partial,WH01,EMP029
GR00584,GR202500584,2025-04-10,PO00616,995.16,4.84,kualitas tidak sesuai,partial,WH02,EMP015
GR00585,GR202400585,2024-10-25,PO00617,500.00,0.00,,pass,WH03,EMP013
GR00586,GR202500586,2025-04-11,PO00618,197.57,2.43,kualitas tidak sesuai,partial,WH03,EMP008
GR00587,GR202600587,2026-01-05,PO00619,494.17,5.83,rusak saat kirim,partial,WH01,EMP028
GR00588,GR202500588,2025-10-30,PO00622,1.96,0.04,rusak saat kirim,partial,WH03,EMP029
GR00589,GR202500589,2025-07-10,PO00623,970.97,29.03,spesifikasi beda,partial,WH02,EMP019
GR00590,GR202500590,2025-02-10,PO00624,100.00,0.00,,pass,WH03,EMP031
GR00591,GR202500591,2025-12-09,PO00625,2363.15,136.85,kualitas tidak sesuai,fail,WH03,EMP031
GR00592,GR202400592,2024-05-24,PO00626,1.97,0.03,spesifikasi beda,partial,WH02,EMP004
GR00593,GR202400593,2024-10-02,PO00627,9.09,0.91,kualitas tidak sesuai,fail,WH03,EMP016
GR00594,GR202500594,2025-11-16,PO00628,9.77,0.23,rusak saat kirim,partial,WH02,EMP002
GR00595,GR202500595,2025-05-03,PO00629,4955.38,44.62,spesifikasi beda,partial,WH02,EMP038
GR00596,GR202500596,2025-03-13,PO00630,99.09,0.91,spesifikasi beda,partial,WH01,EMP004
GR00597,GR202500597,2025-11-23,PO00632,0.98,0.02,spesifikasi beda,partial,WH02,EMP003
GR00598,GR202400598,2024-11-06,PO00633,4.78,0.22,kualitas tidak sesuai,partial,WH01,EMP028
GR00599,GR202500599,2025-10-06,PO00634,495.57,4.43,rusak saat kirim,partial,WH02,EMP021
GR00600,GR202500600,2025-10-12,PO00635,1.98,0.02,spesifikasi beda,partial,WH02,EMP018
GR00601,GR202500601,2025-04-13,PO00636,183.48,16.52,kualitas tidak sesuai,fail,WH02,EMP013
GR00602,GR202500602,2025-02-27,PO00637,98.40,1.60,spesifikasi beda,partial,WH01,EMP030
GR00603,GR202400603,2024-11-27,PO00638,49.54,0.46,rusak saat kirim,partial,WH01,EMP032
GR00604,GR202400604,2024-12-18,PO00639,4.60,0.40,spesifikasi beda,fail,WH02,EMP004
GR00605,GR202400605,2024-03-10,PO00640,4.92,0.08,spesifikasi beda,partial,WH01,EMP010
GR00606,GR202500606,2025-11-10,PO00642,48.93,1.07,kualitas tidak sesuai,partial,WH03,EMP005
GR00607,GR202400607,2024-06-27,PO00643,478.76,21.24,rusak saat kirim,partial,WH01,EMP016
GR00608,GR202500608,2025-12-20,PO00644,23.14,1.86,rusak saat kirim,partial,WH03,EMP023
GR00609,GR202400609,2024-05-30,PO00645,4.91,0.09,kualitas tidak sesuai,partial,WH01,EMP020
GR00610,GR202400610,2024-08-20,PO00646,98.48,1.52,kualitas tidak sesuai,partial,WH01,EMP037
GR00611,GR202500611,2025-01-18,PO00647,99.02,0.98,spesifikasi beda,partial,WH01,EMP022
GR00612,GR202400612,2024-06-14,PO00648,1.98,0.02,rusak saat kirim,partial,WH03,EMP033
GR00613,GR202400613,2024-07-27,PO00649,98.41,1.59,rusak saat kirim,partial,WH01,EMP017
GR00614,GR202400614,2024-04-02,PO00650,495.02,4.98,rusak saat kirim,partial,WH02,EMP012
GR00615,GR202600615,2026-01-21,PO00651,91.22,8.78,rusak saat kirim,fail,WH02,EMP015
GR00616,GR202500616,2025-06-14,PO00652,48.78,1.22,spesifikasi beda,partial,WH02,EMP040
GR00617,GR202500617,2025-03-18,PO00656,98.61,1.39,rusak saat kirim,partial,WH02,EMP030
GR00618,GR202500618,2025-09-12,PO00657,241.68,8.32,rusak saat kirim,partial,WH03,EMP031
GR00619,GR202400619,2024-12-06,PO00658,9.89,0.11,rusak saat kirim,partial,WH01,EMP009
GR00620,GR202400620,2024-02-26,PO00659,192.28,7.72,rusak saat kirim,partial,WH01,EMP040
GR00621,GR202600621,2026-01-02,PO00660,1.97,0.03,kualitas tidak sesuai,partial,WH01,EMP030
GR00622,GR202500622,2025-09-27,PO00661,1.97,0.03,spesifikasi beda,partial,WH02,EMP024
GR00623,GR202400623,2024-02-26,PO00662,195.51,4.49,spesifikasi beda,partial,WH03,EMP014
GR00624,GR202400624,2024-07-26,PO00663,48.47,1.53,kualitas tidak sesuai,partial,WH01,EMP009
GR00625,GR202500625,2025-12-23,PO00664,242.22,7.78,rusak saat kirim,partial,WH03,EMP035
GR00626,GR202500626,2025-01-19,PO00665,97.30,2.70,kualitas tidak sesuai,partial,WH02,EMP007
GR00627,GR202400627,2024-03-12,PO00666,96.51,3.49,rusak saat kirim,partial,WH03,EMP019
GR00628,GR202400628,2024-06-29,PO00667,477.88,22.12,rusak saat kirim,partial,WH03,EMP019
GR00629,GR202500629,2025-06-26,PO00668,9.64,0.36,spesifikasi beda,partial,WH03,EMP025
GR00630,GR202500630,2025-01-30,PO00669,987.29,12.71,spesifikasi beda,partial,WH02,EMP039
GR00631,GR202400631,2024-09-12,PO00670,3.86,0.14,kualitas tidak sesuai,partial,WH02,EMP033
GR00632,GR202400632,2024-12-15,PO00671,1.93,0.07,spesifikasi beda,partial,WH03,EMP017
GR00633,GR202500633,2025-10-11,PO00672,122.54,2.46,spesifikasi beda,partial,WH03,EMP021
GR00634,GR202500634,2025-09-24,PO00673,122.53,2.47,spesifikasi beda,partial,WH01,EMP018
GR00635,GR202400635,2024-08-01,PO00674,4.54,0.46,spesifikasi beda,fail,WH01,EMP002
GR00636,GR202600636,2026-01-08,PO00675,49.82,0.18,rusak saat kirim,partial,WH01,EMP025
GR00637,GR202400637,2024-11-16,PO00676,2.42,0.08,spesifikasi beda,partial,WH01,EMP037
GR00638,GR202400638,2024-02-29,PO00677,394.83,5.17,rusak saat kirim,partial,WH03,EMP026
GR00639,GR202500639,2025-03-17,PO00678,91.49,8.51,rusak saat kirim,fail,WH03,EMP011
GR00640,GR202400640,2024-04-17,PO00679,1000.00,0.00,,pass,WH03,EMP032
GR00641,GR202500641,2025-05-05,PO00680,9.79,0.21,rusak saat kirim,partial,WH03,EMP030
GR00642,GR202500642,2025-11-21,PO00681,18.86,1.14,kualitas tidak sesuai,partial,WH01,EMP007
GR00643,GR202400643,2024-04-04,PO00682,1.96,0.04,kualitas tidak sesuai,partial,WH01,EMP017
GR00644,GR202500644,2025-10-29,PO00683,91.43,8.57,rusak saat kirim,fail,WH03,EMP016
GR00645,GR202500645,2025-04-23,PO00684,1.99,0.01,rusak saat kirim,partial,WH02,EMP006
GR00646,GR202400646,2024-02-26,PO00685,49.19,0.81,rusak saat kirim,partial,WH03,EMP010
GR00647,GR202500647,2025-01-16,PO00687,992.59,7.41,spesifikasi beda,partial,WH02,EMP007
GR00648,GR202500648,2025-03-30,PO00688,96.38,3.62,rusak saat kirim,partial,WH03,EMP009
GR00649,GR202400649,2024-09-12,PO00689,19.53,0.47,kualitas tidak sesuai,partial,WH03,EMP004
GR00650,GR202500650,2025-04-29,PO00690,1.97,0.03,rusak saat kirim,partial,WH03,EMP010
GR00651,GR202500651,2025-03-07,PO00691,36.37,3.63,spesifikasi beda,fail,WH01,EMP018
GR00652,GR202500652,2025-07-01,PO00692,19.46,0.54,spesifikasi beda,partial,WH01,EMP011
GR00653,GR202400653,2024-01-14,PO00693,95.05,4.95,spesifikasi beda,partial,WH02,EMP032
GR00654,GR202400654,2024-11-01,PO00695,0.98,0.02,kualitas tidak sesuai,partial,WH01,EMP008
GR00655,GR202500655,2025-03-22,PO00696,4.56,0.44,rusak saat kirim,fail,WH01,EMP005
GR00656,GR202500656,2025-07-20,PO00697,47.17,2.83,kualitas tidak sesuai,partial,WH03,EMP036
GR00657,GR202400657,2024-07-23,PO00698,46.51,3.49,kualitas tidak sesuai,fail,WH03,EMP006
GR00658,GR202600658,2026-01-25,PO00699,998.98,1.02,rusak saat kirim,partial,WH03,EMP009
GR00659,GR202500659,2025-10-30,PO00700,981.99,18.01,rusak saat kirim,partial,WH01,EMP010
GR00660,GR202400660,2024-03-14,PO00701,198.83,1.17,kualitas tidak sesuai,partial,WH01,EMP005
GR00661,GR202400661,2024-07-20,PO00702,1.99,0.01,rusak saat kirim,partial,WH03,EMP037
GR00662,GR202500662,2025-05-16,PO00703,97.70,2.30,spesifikasi beda,partial,WH02,EMP020
GR00663,GR202600663,2026-01-23,PO00704,481.88,18.12,spesifikasi beda,partial,WH01,EMP008
GR00664,GR202500664,2025-11-19,PO00705,2000.00,0.00,,pass,WH02,EMP031
GR00665,GR202400665,2024-11-08,PO00706,45.42,4.58,rusak saat kirim,fail,WH03,EMP001
GR00666,GR202400666,2024-12-30,PO00707,5.00,0.00,,pass,WH02,EMP015
GR00667,GR202400667,2024-04-26,PO00708,971.29,28.71,spesifikasi beda,partial,WH02,EMP006
GR00668,GR202500668,2025-01-28,PO00709,47.97,2.03,rusak saat kirim,partial,WH03,EMP013
GR00669,GR202500669,2025-01-06,PO00710,48.50,1.50,kualitas tidak sesuai,partial,WH03,EMP012
GR00670,GR202500670,2025-05-27,PO00711,382.18,17.82,rusak saat kirim,partial,WH03,EMP005
GR00671,GR202400671,2024-08-07,PO00712,460.95,39.05,spesifikasi beda,fail,WH03,EMP038
GR00672,GR202500672,2025-10-22,PO00713,39.74,0.26,spesifikasi beda,partial,WH03,EMP031
GR00673,GR202500673,2025-04-14,PO00714,38.59,1.41,rusak saat kirim,partial,WH02,EMP031
GR00674,GR202400674,2024-10-12,PO00715,250.00,0.00,,pass,WH03,EMP020
GR00675,GR202500675,2025-08-10,PO00716,4911.79,88.21,spesifikasi beda,partial,WH01,EMP037
GR00676,GR202500676,2025-12-18,PO00717,481.81,18.19,spesifikasi beda,partial,WH01,EMP029
GR00677,GR202500677,2025-04-13,PO00718,98.80,1.20,rusak saat kirim,partial,WH01,EMP033
GR00678,GR202500678,2025-02-05,PO00719,791.25,208.75,rusak saat kirim,fail,WH03,EMP030
GR00679,GR202500679,2025-04-09,PO00720,9.76,0.24,kualitas tidak sesuai,partial,WH03,EMP025
GR00680,GR202500680,2025-07-12,PO00721,48.68,1.32,kualitas tidak sesuai,partial,WH02,EMP025
GR00681,GR202500681,2025-03-14,PO00722,493.87,6.13,rusak saat kirim,partial,WH03,EMP039
GR00682,GR202400682,2024-09-07,PO00723,4.81,0.19,kualitas tidak sesuai,partial,WH01,EMP005
GR00683,GR202500683,2025-04-17,PO00724,484.63,15.37,kualitas tidak sesuai,partial,WH02,EMP039
GR00684,GR202400684,2024-08-13,PO00725,97.42,2.58,spesifikasi beda,partial,WH02,EMP019
GR00685,GR202400685,2024-06-03,PO00726,5000.00,0.00,,pass,WH01,EMP015
GR00686,GR202500686,2025-06-23,PO00727,4.55,0.45,rusak saat kirim,fail,WH02,EMP020
GR00687,GR202500687,2025-12-01,PO00728,46.55,3.45,rusak saat kirim,partial,WH03,EMP004
GR00688,GR202500688,2025-03-04,PO00729,398.20,1.80,spesifikasi beda,partial,WH03,EMP033
GR00689,GR202400689,2024-08-26,PO00730,245.74,4.26,spesifikasi beda,partial,WH03,EMP011
GR00690,GR202400690,2024-02-19,PO00731,2401.33,98.67,rusak saat kirim,partial,WH03,EMP014
GR00691,GR202500691,2025-09-29,PO00732,491.20,8.80,spesifikasi beda,partial,WH02,EMP019
GR00692,GR202400692,2024-09-04,PO00733,22.68,2.32,spesifikasi beda,fail,WH02,EMP006
GR00693,GR202400693,2024-07-09,PO00734,195.73,4.27,rusak saat kirim,partial,WH02,EMP005
GR00694,GR202400694,2024-09-02,PO00735,1.99,0.01,spesifikasi beda,partial,WH02,EMP023
GR00695,GR202400695,2024-08-19,PO00736,4.95,0.05,spesifikasi beda,partial,WH01,EMP005
GR00696,GR202500696,2025-02-04,PO00737,451.15,48.85,kualitas tidak sesuai,fail,WH03,EMP038
GR00697,GR202400697,2024-02-27,PO00738,4.85,0.15,spesifikasi beda,partial,WH02,EMP016
GR00698,GR202500698,2025-12-08,PO00739,199.41,0.59,rusak saat kirim,partial,WH02,EMP037
GR00699,GR202400699,2024-02-27,PO00740,49.46,0.54,kualitas tidak sesuai,partial,WH01,EMP017
GR00700,GR202500700,2025-02-14,PO00742,481.26,18.74,kualitas tidak sesuai,partial,WH01,EMP008
GR00701,GR202400701,2024-08-12,PO00743,9.58,0.42,kualitas tidak sesuai,partial,WH03,EMP021
GR00702,GR202500702,2025-10-20,PO00746,973.23,26.77,kualitas tidak sesuai,partial,WH01,EMP010
GR00703,GR202500703,2025-12-16,PO00747,248.15,1.85,kualitas tidak sesuai,partial,WH02,EMP008
GR00704,GR202400704,2024-06-23,PO00748,384.56,15.44,kualitas tidak sesuai,partial,WH03,EMP013
GR00705,GR202400705,2024-10-08,PO00749,122.66,2.34,kualitas tidak sesuai,partial,WH02,EMP034
GR00706,GR202500706,2025-09-10,PO00750,196.39,3.61,kualitas tidak sesuai,partial,WH02,EMP002
GR00707,GR202400707,2024-10-28,PO00751,194.06,5.94,rusak saat kirim,partial,WH03,EMP008
GR00708,GR202500708,2025-08-19,PO00752,91.96,8.04,rusak saat kirim,fail,WH02,EMP017
GR00709,GR202400709,2024-11-07,PO00753,99.63,0.37,rusak saat kirim,partial,WH02,EMP015
GR00710,GR202500710,2025-04-11,PO00754,18.65,1.35,rusak saat kirim,partial,WH02,EMP032
GR00711,GR202500711,2025-11-15,PO00755,4.76,0.24,rusak saat kirim,partial,WH02,EMP029
GR00712,GR202400712,2024-04-28,PO00756,9.88,0.12,spesifikasi beda,partial,WH02,EMP016
GR00713,GR202500713,2025-03-18,PO00757,490.66,9.34,kualitas tidak sesuai,partial,WH02,EMP013
GR00714,GR202500714,2025-10-05,PO00758,48.71,1.29,rusak saat kirim,partial,WH01,EMP001
GR00715,GR202500715,2025-12-19,PO00759,485.03,14.97,rusak saat kirim,partial,WH02,EMP035
GR00716,GR202400716,2024-10-09,PO00760,954.00,46.00,rusak saat kirim,partial,WH01,EMP021
GR00717,GR202500717,2025-06-20,PO00761,9.02,0.98,kualitas tidak sesuai,fail,WH03,EMP026
GR00718,GR202400718,2024-11-22,PO00762,97.65,2.35,spesifikasi beda,partial,WH03,EMP038
GR00719,GR202400719,2024-06-28,PO00764,248.88,1.12,rusak saat kirim,partial,WH01,EMP035
GR00720,GR202400720,2024-09-21,PO00765,1.99,0.01,kualitas tidak sesuai,partial,WH03,EMP022
GR00721,GR202500721,2025-10-18,PO00766,4918.96,81.04,kualitas tidak sesuai,partial,WH03,EMP008
GR00722,GR202400722,2024-04-27,PO00767,10.00,0.00,,pass,WH02,EMP028
GR00723,GR202500723,2025-09-09,PO00768,98.08,1.92,kualitas tidak sesuai,partial,WH03,EMP006
GR00724,GR202400724,2024-07-21,PO00769,1.98,0.02,rusak saat kirim,partial,WH01,EMP013
GR00725,GR202500725,2025-03-16,PO00770,5.00,0.00,,pass,WH03,EMP021
GR00726,GR202500726,2025-04-29,PO00771,90.32,9.68,rusak saat kirim,fail,WH03,EMP021
GR00727,GR202600727,2026-01-01,PO00772,1.83,0.17,kualitas tidak sesuai,fail,WH01,EMP031
GR00728,GR202400728,2024-08-04,PO00773,449.26,50.74,rusak saat kirim,fail,WH02,EMP031
GR00729,GR202400729,2024-04-12,PO00774,4.94,0.06,rusak saat kirim,partial,WH03,EMP020
GR00730,GR202600730,2026-01-30,PO00775,497.04,2.96,rusak saat kirim,partial,WH03,EMP020
GR00731,GR202400731,2024-08-27,PO00776,182.78,17.22,rusak saat kirim,fail,WH03,EMP011
GR00732,GR202400732,2024-09-05,PO00777,0.88,0.12,spesifikasi beda,fail,WH03,EMP038
GR00733,GR202500733,2025-02-04,PO00778,24.33,0.67,rusak saat kirim,partial,WH03,EMP033
GR00734,GR202500734,2025-10-13,PO00779,249.41,0.59,spesifikasi beda,partial,WH01,EMP006
GR00735,GR202500735,2025-08-16,PO00780,500.00,0.00,,pass,WH01,EMP027
GR00736,GR202500736,2025-06-22,PO00781,49.40,0.60,kualitas tidak sesuai,partial,WH02,EMP028
GR00737,GR202400737,2024-05-14,PO00782,0.99,0.01,kualitas tidak sesuai,partial,WH01,EMP008
GR00738,GR202400738,2024-11-01,PO00783,2.48,0.02,spesifikasi beda,partial,WH01,EMP016
GR00739,GR202500739,2025-07-29,PO00784,241.95,8.05,rusak saat kirim,partial,WH01,EMP004
GR00740,GR202500740,2025-11-16,PO00785,96.81,3.19,kualitas tidak sesuai,partial,WH03,EMP030
GR00741,GR202500741,2025-12-14,PO00786,1.83,0.17,spesifikasi beda,fail,WH01,EMP035
GR00742,GR202400742,2024-05-07,PO00787,9.97,0.03,kualitas tidak sesuai,partial,WH03,EMP037
GR00743,GR202500743,2025-03-02,PO00788,999.22,0.78,spesifikasi beda,partial,WH02,EMP011
GR00744,GR202500744,2025-02-15,PO00789,4921.99,78.01,kualitas tidak sesuai,partial,WH01,EMP009
GR00745,GR202500745,2025-03-25,PO00790,10.00,0.00,,pass,WH03,EMP017
GR00746,GR202500746,2025-09-30,PO00792,392.86,7.14,rusak saat kirim,partial,WH01,EMP018
GR00747,GR202400747,2024-05-11,PO00793,1.96,0.04,rusak saat kirim,partial,WH03,EMP007
GR00748,GR202400748,2024-10-30,PO00795,18.01,1.99,kualitas tidak sesuai,fail,WH03,EMP002
GR00749,GR202500749,2025-02-23,PO00796,5.00,0.00,,pass,WH02,EMP033
GR00750,GR202500750,2025-01-17,PO00797,182.16,17.84,rusak saat kirim,fail,WH02,EMP008
GR00751,GR202500751,2025-10-10,PO00798,1.00,0.00,,pass,WH03,EMP007
GR00752,GR202400752,2024-06-27,PO00799,9.03,0.97,rusak saat kirim,fail,WH03,EMP004
GR00753,GR202400753,2024-10-10,PO00800,947.97,52.03,rusak saat kirim,fail,WH03,EMP033
GR00754,GR202400754,2024-03-09,PO00801,1.82,0.18,kualitas tidak sesuai,fail,WH03,EMP026
GR00755,GR202400755,2024-03-26,PO00802,1.79,0.21,rusak saat kirim,fail,WH03,EMP009
GR00756,GR202400756,2024-12-09,PO00803,200.00,0.00,,pass,WH02,EMP021
GR00757,GR202400757,2024-05-09,PO00804,197.67,2.33,rusak saat kirim,partial,WH02,EMP034
GR00758,GR202600758,2026-01-31,PO00806,249.45,0.55,kualitas tidak sesuai,partial,WH03,EMP003
GR00759,GR202500759,2025-06-15,PO00807,362.98,37.02,spesifikasi beda,fail,WH02,EMP021
GR00760,GR202400760,2024-10-26,PO00808,9.93,0.07,rusak saat kirim,partial,WH02,EMP021
GR00761,GR202500761,2025-03-07,PO00809,3.68,0.32,spesifikasi beda,fail,WH02,EMP002
GR00762,GR202400762,2024-03-11,PO00810,1000.00,0.00,,pass,WH03,EMP008
GR00763,GR202500763,2025-01-26,PO00811,4920.87,79.13,spesifikasi beda,partial,WH02,EMP007
GR00764,GR202400764,2024-07-12,PO00812,39.09,0.91,kualitas tidak sesuai,partial,WH01,EMP028
GR00765,GR202500765,2025-06-17,PO00813,1.98,0.02,kualitas tidak sesuai,partial,WH01,EMP028
GR00766,GR202400766,2024-03-03,PO00814,0.45,0.05,rusak saat kirim,partial,WH01,EMP016
GR00767,GR202500767,2025-07-28,PO00815,193.18,6.82,rusak saat kirim,partial,WH03,EMP013
GR00768,GR202500768,2025-05-23,PO00816,1.96,0.04,kualitas tidak sesuai,partial,WH01,EMP020
GR00769,GR202500769,2025-09-07,PO00817,2373.75,126.25,spesifikasi beda,fail,WH02,EMP040
GR00770,GR202400770,2024-04-11,PO00818,45.63,4.37,kualitas tidak sesuai,fail,WH01,EMP032
GR00771,GR202500771,2025-10-09,PO00819,4552.05,447.95,kualitas tidak sesuai,fail,WH02,EMP030
GR00772,GR202500772,2025-12-15,PO00820,1209.86,40.14,rusak saat kirim,partial,WH01,EMP015
GR00773,GR202500773,2025-04-04,PO00821,19.92,0.08,spesifikasi beda,partial,WH02,EMP014
GR00774,GR202500774,2025-04-17,PO00822,96.49,3.51,kualitas tidak sesuai,partial,WH01,EMP001
GR00775,GR202500775,2025-01-09,PO00823,9.66,0.34,spesifikasi beda,partial,WH02,EMP001
GR00776,GR202500776,2025-01-10,PO00824,100.00,0.00,,pass,WH01,EMP010
GR00777,GR202400777,2024-07-02,PO00826,1000.00,0.00,,pass,WH02,EMP031
GR00778,GR202500778,2025-07-06,PO00827,95.95,4.05,rusak saat kirim,partial,WH03,EMP037
GR00779,GR202500779,2025-10-20,PO00828,10.01,2.49,rusak saat kirim,fail,WH01,EMP012
GR00780,GR202400780,2024-08-22,PO00829,4.58,0.42,spesifikasi beda,fail,WH02,EMP025
GR00781,GR202400781,2024-06-14,PO00830,4.97,0.03,kualitas tidak sesuai,partial,WH02,EMP022
GR00782,GR202400782,2024-07-16,PO00831,9.62,0.38,spesifikasi beda,partial,WH03,EMP027
GR00783,GR202500783,2025-02-17,PO00832,4.86,0.14,kualitas tidak sesuai,partial,WH01,EMP039
GR00784,GR202400784,2024-03-16,PO00833,471.66,28.34,kualitas tidak sesuai,partial,WH03,EMP029
GR00785,GR202400785,2024-12-05,PO00834,95.86,4.14,kualitas tidak sesuai,partial,WH02,EMP005
GR00786,GR202400786,2024-03-24,PO00835,0.83,0.17,rusak saat kirim,fail,WH02,EMP009
GR00787,GR202500787,2025-12-19,PO00836,9.73,0.27,rusak saat kirim,partial,WH03,EMP024
GR00788,GR202400788,2024-10-17,PO00837,191.38,8.62,spesifikasi beda,partial,WH01,EMP005
GR00789,GR202400789,2024-05-03,PO00838,2431.45,68.55,kualitas tidak sesuai,partial,WH02,EMP033
GR00790,GR202400790,2024-08-15,PO00839,912.04,87.96,kualitas tidak sesuai,fail,WH02,EMP022
GR00791,GR202500791,2025-02-23,PO00840,19.70,0.30,kualitas tidak sesuai,partial,WH03,EMP036
GR00792,GR202400792,2024-08-26,PO00841,183.69,16.31,spesifikasi beda,fail,WH02,EMP013
GR00793,GR202500793,2025-01-08,PO00842,195.39,4.61,spesifikasi beda,partial,WH02,EMP004
GR00794,GR202500794,2025-02-02,PO00843,246.61,3.39,rusak saat kirim,partial,WH01,EMP030
GR00795,GR202600795,2026-01-11,PO00844,499.97,0.03,kualitas tidak sesuai,partial,WH03,EMP037
GR00796,GR202500796,2025-06-14,PO00845,966.28,33.72,spesifikasi beda,partial,WH01,EMP001
GR00797,GR202500797,2025-01-27,PO00846,238.46,11.54,rusak saat kirim,partial,WH01,EMP037
GR00798,GR202500798,2025-04-29,PO00847,49.92,0.08,spesifikasi beda,partial,WH03,EMP011
GR00799,GR202400799,2024-09-08,PO00848,1.98,0.02,kualitas tidak sesuai,partial,WH02,EMP032
GR00800,GR202500800,2025-07-07,PO00849,1.92,0.08,kualitas tidak sesuai,partial,WH01,EMP014
GR00801,GR202400801,2024-07-10,PO00850,2290.98,209.02,spesifikasi beda,fail,WH02,EMP012
GR00802,GR202500802,2025-03-30,PO00851,2.45,0.05,rusak saat kirim,partial,WH02,EMP025
GR00803,GR202600803,2026-02-19,PO00852,908.36,91.64,kualitas tidak sesuai,fail,WH01,EMP034
GR00804,GR202500804,2025-10-11,PO00853,9.75,0.25,rusak saat kirim,partial,WH03,EMP003
GR00805,GR202400805,2024-04-26,PO00854,0.96,0.04,kualitas tidak sesuai,partial,WH03,EMP038
GR00806,GR202400806,2024-02-20,PO00855,1966.30,33.70,rusak saat kirim,partial,WH03,EMP008
GR00807,GR202400807,2024-10-13,PO00856,0.97,0.03,rusak saat kirim,partial,WH03,EMP012
GR00808,GR202400808,2024-08-05,PO00857,1.98,0.02,rusak saat kirim,partial,WH01,EMP021
GR00809,GR202400809,2024-05-28,PO00858,0.97,0.03,kualitas tidak sesuai,partial,WH02,EMP010
GR00810,GR202500810,2025-01-23,PO00859,24.61,0.39,rusak saat kirim,partial,WH01,EMP030
GR00811,GR202400811,2024-03-15,PO00860,1.94,0.06,kualitas tidak sesuai,partial,WH03,EMP031
GR00812,GR202500812,2025-01-26,PO00861,474.30,25.70,kualitas tidak sesuai,partial,WH01,EMP013
GR00813,GR202500813,2025-02-14,PO00862,2.00,0.00,,pass,WH03,EMP026
GR00814,GR202500814,2025-04-07,PO00863,24.63,0.37,spesifikasi beda,partial,WH03,EMP011
GR00815,GR202400815,2024-10-03,PO00864,9.67,0.33,kualitas tidak sesuai,partial,WH01,EMP028
GR00816,GR202500816,2025-09-14,PO00865,474.35,25.65,spesifikasi beda,fail,WH03,EMP040
GR00817,GR202400817,2024-03-13,PO00866,9.91,0.09,spesifikasi beda,partial,WH01,EMP005
GR00818,GR202500818,2025-09-06,PO00867,99.69,0.31,rusak saat kirim,partial,WH01,EMP031
GR00819,GR202500819,2025-06-23,PO00868,9.62,0.38,spesifikasi beda,partial,WH03,EMP013
GR00820,GR202400820,2024-09-27,PO00869,969.55,30.45,spesifikasi beda,partial,WH02,EMP020
GR00821,GR202600821,2026-02-02,PO00872,24.33,0.67,spesifikasi beda,partial,WH01,EMP027
GR00822,GR202500822,2025-08-03,PO00873,1.00,0.00,,pass,WH01,EMP015
GR00823,GR202500823,2025-04-16,PO00874,1.95,0.05,rusak saat kirim,partial,WH02,EMP034
GR00824,GR202400824,2024-01-15,PO00875,9.03,0.97,spesifikasi beda,fail,WH01,EMP019
GR00825,GR202500825,2025-01-02,PO00876,200.00,0.00,,pass,WH02,EMP007
GR00826,GR202400826,2024-05-16,PO00877,991.47,8.53,kualitas tidak sesuai,partial,WH01,EMP025
GR00827,GR202400827,2024-05-10,PO00878,23.02,1.98,rusak saat kirim,fail,WH01,EMP036
GR00828,GR202400828,2024-09-02,PO00879,4649.12,350.88,rusak saat kirim,fail,WH01,EMP024
GR00829,GR202500829,2025-06-09,PO00880,9.73,0.27,kualitas tidak sesuai,partial,WH01,EMP031
GR00830,GR202500830,2025-02-27,PO00881,97.80,2.20,rusak saat kirim,partial,WH01,EMP009
GR00831,GR202500831,2025-07-12,PO00882,1.62,0.38,kualitas tidak sesuai,fail,WH02,EMP030
GR00832,GR202400832,2024-11-15,PO00883,4.82,0.18,rusak saat kirim,partial,WH03,EMP005
GR00833,GR202400833,2024-09-26,PO00884,485.79,14.21,spesifikasi beda,partial,WH02,EMP018
GR00834,GR202500834,2025-12-15,PO00885,4564.28,435.72,spesifikasi beda,fail,WH01,EMP004
GR00835,GR202500835,2025-02-16,PO00886,970.44,29.56,rusak saat kirim,partial,WH03,EMP038
GR00836,GR202500836,2025-08-27,PO00887,1817.02,182.98,kualitas tidak sesuai,fail,WH03,EMP005
GR00837,GR202500837,2025-12-25,PO00888,193.37,6.63,kualitas tidak sesuai,partial,WH03,EMP025
GR00838,GR202400838,2024-12-03,PO00889,900.93,99.07,spesifikasi beda,fail,WH01,EMP033
GR00839,GR202400839,2024-04-14,PO00890,400.00,0.00,,pass,WH02,EMP011
GR00840,GR202400840,2024-11-14,PO00891,228.07,21.93,kualitas tidak sesuai,fail,WH01,EMP024
GR00841,GR202500841,2025-05-16,PO00893,250.00,0.00,,pass,WH03,EMP040
GR00842,GR202400842,2024-09-05,PO00894,943.49,56.51,rusak saat kirim,fail,WH02,EMP034
GR00843,GR202500843,2025-06-14,PO00895,4580.16,419.84,spesifikasi beda,fail,WH02,EMP023
GR00844,GR202500844,2025-05-08,PO00896,460.65,39.35,rusak saat kirim,fail,WH03,EMP010
GR00845,GR202500845,2025-11-05,PO00897,2454.25,45.75,rusak saat kirim,partial,WH01,EMP013
GR00846,GR202500846,2025-03-15,PO00898,926.02,73.98,spesifikasi beda,fail,WH01,EMP021
GR00847,GR202500847,2025-11-04,PO00899,9.18,0.82,spesifikasi beda,fail,WH01,EMP011
GR00848,GR202400848,2024-02-17,PO00900,9.80,0.20,spesifikasi beda,partial,WH03,EMP011
GR00849,GR202600849,2026-01-17,PO00901,9.35,0.65,rusak saat kirim,fail,WH02,EMP014
GR00850,GR202400850,2024-12-07,PO00902,9.03,0.97,rusak saat kirim,fail,WH03,EMP011
GR00851,GR202400851,2024-03-04,PO00903,1.94,0.06,rusak saat kirim,partial,WH03,EMP012
GR00852,GR202400852,2024-06-14,PO00904,1.84,0.16,rusak saat kirim,fail,WH01,EMP014
GR00853,GR202400853,2024-12-27,PO00905,1969.70,30.30,rusak saat kirim,partial,WH02,EMP001
GR00854,GR202400854,2024-05-14,PO00907,24.60,0.40,kualitas tidak sesuai,partial,WH02,EMP006
GR00855,GR202500855,2025-12-30,PO00908,9.98,0.02,spesifikasi beda,partial,WH01,EMP027
GR00856,GR202500856,2025-12-26,PO00909,386.37,13.63,spesifikasi beda,partial,WH02,EMP013
GR00857,GR202500857,2025-06-24,PO00910,4.52,0.48,kualitas tidak sesuai,fail,WH02,EMP006
GR00858,GR202500858,2025-12-05,PO00911,395.42,4.58,rusak saat kirim,partial,WH03,EMP034
GR00859,GR202500859,2025-08-09,PO00912,99.24,0.76,kualitas tidak sesuai,partial,WH03,EMP001
GR00860,GR202400860,2024-12-07,PO00913,2453.31,46.69,kualitas tidak sesuai,partial,WH02,EMP037
GR00861,GR202400861,2024-11-05,PO00914,9.66,0.34,rusak saat kirim,partial,WH03,EMP039
GR00862,GR202500862,2025-05-23,PO00915,484.79,15.21,spesifikasi beda,partial,WH01,EMP026
GR00863,GR202400863,2024-07-12,PO00917,47.99,2.01,spesifikasi beda,partial,WH03,EMP013
GR00864,GR202400864,2024-08-12,PO00918,48.39,1.61,kualitas tidak sesuai,partial,WH01,EMP013
GR00865,GR202500865,2025-01-28,PO00919,36.21,3.79,rusak saat kirim,fail,WH02,EMP027
GR00866,GR202600866,2026-01-15,PO00920,985.87,14.13,kualitas tidak sesuai,partial,WH02,EMP010
GR00867,GR202500867,2025-09-30,PO00921,494.69,5.31,kualitas tidak sesuai,partial,WH02,EMP017
GR00868,GR202500868,2025-09-24,PO00922,89.76,10.24,rusak saat kirim,fail,WH01,EMP028
GR00869,GR202400869,2024-04-23,PO00923,4.84,0.16,spesifikasi beda,partial,WH02,EMP012
GR00870,GR202500870,2025-11-23,PO00924,122.58,2.42,rusak saat kirim,partial,WH03,EMP005
GR00871,GR202600871,2026-01-13,PO00925,1.00,0.00,,pass,WH01,EMP032
GR00872,GR202400872,2024-04-18,PO00926,999.43,0.57,kualitas tidak sesuai,partial,WH03,EMP036
GR00873,GR202400873,2024-11-24,PO00927,2478.58,21.42,kualitas tidak sesuai,partial,WH02,EMP040
GR00874,GR202500874,2025-08-13,PO00928,0.99,0.01,rusak saat kirim,partial,WH02,EMP037
GR00875,GR202400875,2024-02-18,PO00929,9.80,0.20,kualitas tidak sesuai,partial,WH02,EMP016
GR00876,GR202500876,2025-11-14,PO00930,125.00,0.00,,pass,WH03,EMP005
GR00877,GR202500877,2025-04-28,PO00931,500.00,0.00,,pass,WH03,EMP003
GR00878,GR202400878,2024-11-06,PO00932,44.68,5.32,rusak saat kirim,fail,WH03,EMP006
GR00879,GR202500879,2025-04-18,PO00933,0.98,0.02,kualitas tidak sesuai,partial,WH03,EMP013
GR00880,GR202400880,2024-11-30,PO00934,98.92,1.08,spesifikasi beda,partial,WH03,EMP015
GR00881,GR202500881,2025-09-13,PO00935,495.86,4.14,spesifikasi beda,partial,WH01,EMP015
GR00882,GR202500882,2025-06-09,PO00936,193.57,6.43,kualitas tidak sesuai,partial,WH02,EMP017
GR00883,GR202400883,2024-04-04,PO00937,39.93,0.07,rusak saat kirim,partial,WH01,EMP037
GR00884,GR202500884,2025-01-06,PO00938,965.38,34.62,spesifikasi beda,partial,WH03,EMP030
GR00885,GR202500885,2025-05-06,PO00939,4923.59,76.41,rusak saat kirim,partial,WH03,EMP028
GR00886,GR202600886,2026-01-15,PO00940,481.20,18.80,rusak saat kirim,partial,WH01,EMP014
GR00887,GR202400887,2024-08-22,PO00941,2488.35,11.65,spesifikasi beda,partial,WH02,EMP012
GR00888,GR202400888,2024-04-26,PO00942,494.32,5.68,rusak saat kirim,partial,WH02,EMP016
GR00889,GR202400889,2024-12-03,PO00943,97.45,2.55,kualitas tidak sesuai,partial,WH02,EMP014
GR00890,GR202400890,2024-06-03,PO00944,96.52,3.48,spesifikasi beda,partial,WH03,EMP014
GR00891,GR202400891,2024-03-07,PO00945,9.75,0.25,kualitas tidak sesuai,partial,WH01,EMP027
GR00892,GR202400892,2024-05-24,PO00946,8.96,1.04,rusak saat kirim,fail,WH03,EMP001
GR00893,GR202600893,2026-02-03,PO00947,226.11,23.89,kualitas tidak sesuai,fail,WH02,EMP027
GR00894,GR202400894,2024-07-28,PO00948,4.98,0.02,spesifikasi beda,partial,WH03,EMP034
GR00895,GR202500895,2025-07-20,PO00949,9.73,0.27,spesifikasi beda,partial,WH01,EMP017
GR00896,GR202400896,2024-10-30,PO00950,100.00,0.00,,pass,WH01,EMP027
GR00897,GR202400897,2024-04-05,PO00951,1.94,0.06,rusak saat kirim,partial,WH01,EMP033
GR00898,GR202500898,2025-10-29,PO00952,488.23,11.77,rusak saat kirim,partial,WH02,EMP006
GR00899,GR202500899,2025-05-02,PO00953,0.95,0.05,spesifikasi beda,partial,WH01,EMP016
GR00900,GR202500900,2025-03-05,PO00954,0.47,0.03,spesifikasi beda,partial,WH03,EMP031
GR00901,GR202500901,2025-04-16,PO00955,242.75,7.25,kualitas tidak sesuai,partial,WH03,EMP019
GR00902,GR202600902,2026-01-21,PO00956,1923.25,76.75,rusak saat kirim,partial,WH03,EMP035
GR00903,GR202500903,2025-04-26,PO00957,4.86,0.14,spesifikasi beda,partial,WH02,EMP008
GR00904,GR202400904,2024-07-18,PO00958,4889.44,110.56,spesifikasi beda,partial,WH01,EMP030
GR00905,GR202400905,2024-12-17,PO00959,39.01,0.99,rusak saat kirim,partial,WH01,EMP018
GR00906,GR202400906,2024-06-15,PO00960,24.19,0.81,kualitas tidak sesuai,partial,WH02,EMP001
GR00907,GR202500907,2025-09-08,PO00961,185.50,14.50,kualitas tidak sesuai,fail,WH02,EMP034
GR00908,GR202400908,2024-03-17,PO00962,46.70,3.30,kualitas tidak sesuai,partial,WH01,EMP014
GR00909,GR202400909,2024-09-12,PO00963,196.18,3.82,spesifikasi beda,partial,WH03,EMP037
GR00910,GR202400910,2024-03-13,PO00964,392.13,7.87,rusak saat kirim,partial,WH01,EMP019
GR00911,GR202400911,2024-12-03,PO00965,49.98,0.02,kualitas tidak sesuai,partial,WH02,EMP026
GR00912,GR202500912,2025-04-23,PO00966,19.05,0.95,kualitas tidak sesuai,partial,WH01,EMP004
GR00913,GR202400913,2024-08-03,PO00967,4.75,0.25,kualitas tidak sesuai,partial,WH02,EMP002
GR00914,GR202500914,2025-10-01,PO00968,97.60,2.40,rusak saat kirim,partial,WH01,EMP009
GR00915,GR202400915,2024-05-28,PO00969,480.24,19.76,spesifikasi beda,partial,WH01,EMP014
GR00916,GR202600916,2026-01-05,PO00970,458.16,41.84,rusak saat kirim,fail,WH03,EMP037
GR00917,GR202400917,2024-08-02,PO00971,491.66,8.34,kualitas tidak sesuai,partial,WH02,EMP021
GR00918,GR202500918,2025-06-23,PO00972,198.77,1.23,kualitas tidak sesuai,partial,WH03,EMP033
GR00919,GR202500919,2025-04-04,PO00973,18.27,1.73,kualitas tidak sesuai,fail,WH01,EMP027
GR00920,GR202400920,2024-06-22,PO00974,96.43,3.57,kualitas tidak sesuai,partial,WH03,EMP028
GR00921,GR202500921,2025-09-28,PO00975,238.52,11.48,kualitas tidak sesuai,partial,WH02,EMP031
GR00922,GR202400922,2024-11-10,PO00976,19.72,0.28,rusak saat kirim,partial,WH02,EMP016
GR00923,GR202400923,2024-12-19,PO00977,494.65,5.35,spesifikasi beda,partial,WH01,EMP034
GR00924,GR202500924,2025-10-02,PO00978,9.73,0.27,rusak saat kirim,partial,WH02,EMP030
GR00925,GR202500925,2025-04-11,PO00979,48.07,1.93,kualitas tidak sesuai,partial,WH03,EMP014
GR00926,GR202500926,2025-11-30,PO00980,959.79,40.21,spesifikasi beda,partial,WH02,EMP036
GR00927,GR202400927,2024-09-01,PO00981,481.97,18.03,kualitas tidak sesuai,partial,WH03,EMP009
GR00928,GR202400928,2024-12-22,PO00982,1.98,0.02,spesifikasi beda,partial,WH03,EMP024
GR00929,GR202500929,2025-11-08,PO00983,1.94,0.06,spesifikasi beda,partial,WH02,EMP020
GR00930,GR202400930,2024-04-07,PO00984,19.89,0.11,spesifikasi beda,partial,WH01,EMP004
GR00931,GR202500931,2025-01-12,PO00985,2500.00,0.00,,pass,WH03,EMP012
GR00932,GR202400932,2024-07-06,PO00986,38.97,1.03,kualitas tidak sesuai,partial,WH03,EMP027
GR00933,GR202500933,2025-01-24,PO00987,965.56,34.44,rusak saat kirim,partial,WH01,EMP011
GR00934,GR202400934,2024-03-19,PO00988,98.67,1.33,spesifikasi beda,partial,WH03,EMP019
GR00935,GR202500935,2025-01-18,PO00989,36.28,3.72,rusak saat kirim,fail,WH03,EMP021
GR00936,GR202400936,2024-02-18,PO00990,196.57,3.43,rusak saat kirim,partial,WH01,EMP039
GR00937,GR202500937,2025-02-18,PO00991,40.00,0.00,,pass,WH02,EMP025
GR00938,GR202500938,2025-07-26,PO00992,48.02,1.98,spesifikasi beda,partial,WH03,EMP031
GR00939,GR202500939,2025-09-04,PO00993,4.09,0.91,spesifikasi beda,fail,WH03,EMP005
GR00940,GR202400940,2024-12-10,PO00994,9.24,0.76,rusak saat kirim,fail,WH01,EMP008
