price_id,item_id,vendor_id,effective_date,unit_price,currency,source
PH000001,ITM0009,VEN005,2024-10-22,33528.53,IDR,po
PH000002,ITM0018,VEN015,2025-06-23,118.09,IDR,po
PH000003,ITM0017,VEN001,2024-11-13,97.57,IDR,po
PH000004,ITM0029,VEN013,2024-10-22,83.08,IDR,po
PH000005,ITM0006,VEN002,2024-03-05,7004.26,IDR,po
PH000006,ITM0014,VEN020,2025-07-07,16874.89,IDR,po
PH000007,ITM0019,VEN021,2024-03-23,9482.71,IDR,po
PH000008,ITM0022,VEN003,2024-02-16,57.16,IDR,po
PH000009,ITM0020,VEN012,2025-09-18,24471.08,IDR,po
PH000010,ITM0027,VEN028,2024-09-20,197.47,IDR,po
PH000011,ITM0011,VEN014,2025-05-06,14685.85,IDR,po
PH000012,ITM0023,VEN015,2024-03-26,35.14,IDR,po
PH000013,ITM0037,VEN005,2025-04-30,51346.02,IDR,po
PH000014,ITM0026,VEN030,2024-05-04,148.11,IDR,po
PH000015,ITM0006,VEN017,2025-07-05,7487.72,IDR,po
PH000016,ITM0019,VEN018,2024-07-09,9879.51,IDR,po
PH000017,ITM0002,VEN028,2025-06-08,41219.54,IDR,po
PH000018,ITM0010,VEN017,2024-07-15,25054.09,IDR,po
PH000019,ITM0006,VEN005,2025-12-17,7966.44,IDR,po
PH000020,ITM0008,VEN017,2024-12-17,422.13,IDR,po
PH000021,ITM0026,VEN004,2025-01-11,101.27,IDR,po
PH000022,ITM0035,VEN011,2025-06-16,182966.09,IDR,po
PH000023,ITM0038,VEN002,2024-12-24,2558.10,IDR,po
PH000024,ITM0014,VEN011,2024-04-12,14227.99,IDR,po
PH000025,ITM0040,VEN030,2025-11-14,3375.12,IDR,po
PH000026,ITM0004,VEN028,2025-05-12,11344.71,IDR,po
PH000027,ITM0038,VEN002,2025-04-25,2717.97,IDR,po
PH000028,ITM0011,VEN021,2024-09-28,13630.48,IDR,po
PH000029,ITM0009,VEN009,2025-05-04,34341.24,IDR,po
PH000030,ITM0025,VEN023,2025-12-31,33.56,IDR,po
PH000031,ITM0032,VEN025,2024-07-19,11609.75,IDR,po
PH000032,ITM0032,VEN025,2024-07-17,11609.75,IDR,po
PH000033,ITM0032,VEN025,2024-07-19,11609.75,IDR,po
PH000034,ITM0026,VEN010,2024-08-31,109.83,IDR,po
PH000035,ITM0031,VEN010,2025-05-24,246.93,IDR,po
PH000036,ITM0001,VEN013,2025-04-19,10693.89,IDR,po
PH000037,ITM0028,VEN014,2025-01-06,810.97,IDR,po
PH000038,ITM0025,VEN014,2024-10-27,49.45,IDR,po
PH000039,ITM0022,VEN026,2024-09-16,59.13,IDR,po
PH000040,ITM0006,VEN009,2024-11-19,7464.41,IDR,po
PH000041,ITM0029,VEN021,2024-05-30,106.81,IDR,po
PH000042,ITM0029,VEN010,2025-10-28,186.52,IDR,po
PH000043,ITM0011,VEN012,2025-05-11,12858.61,IDR,po
PH000044,ITM0026,VEN019,2025-06-30,118.05,IDR,po
PH000045,ITM0030,VEN018,2024-11-01,267.99,IDR,po
PH000046,ITM0035,VEN019,2024-03-17,162072.20,IDR,po
PH000047,ITM0025,VEN027,2024-12-27,41.33,IDR,po
PH000048,ITM0037,VEN028,2024-06-09,46796.34,IDR,po
PH000049,ITM0005,VEN021,2024-07-17,3073.47,IDR,po
PH000050,ITM0028,VEN029,2025-02-27,678.42,IDR,po
PH000051,ITM0031,VEN023,2025-01-14,274.79,IDR,po
PH000052,ITM0013,VEN023,2024-05-13,653.18,IDR,po
PH000053,ITM0038,VEN021,2025-02-14,2959.11,IDR,po
PH000054,ITM0006,VEN026,2025-07-09,7362.60,IDR,po
PH000055,ITM0036,VEN025,2024-09-26,1424.58,IDR,po
PH000056,ITM0013,VEN023,2024-04-05,608.65,IDR,po
PH000057,ITM0012,VEN013,2025-02-04,17544.60,IDR,po
PH000058,ITM0002,VEN020,2024-07-14,40273.16,IDR,po
PH000059,ITM0011,VEN014,2024-04-08,13097.33,IDR,po
PH000060,ITM0025,VEN022,2024-04-07,36.87,IDR,po
PH000061,ITM0003,VEN017,2025-10-21,3244.80,IDR,po
PH000062,ITM0011,VEN014,2025-02-02,13836.41,IDR,po
PH000063,ITM0005,VEN014,2025-10-18,1513.68,IDR,po
PH000064,ITM0017,VEN023,2024-06-18,75.66,IDR,po
PH000065,ITM0012,VEN013,2024-08-23,17589.15,IDR,po
PH000066,ITM0031,VEN017,2025-04-07,363.06,IDR,po
PH000067,ITM0031,VEN029,2024-08-13,324.98,IDR,po
PH000068,ITM0015,VEN004,2025-11-10,5.82,IDR,po
PH000069,ITM0011,VEN018,2024-11-02,13777.06,IDR,po
PH000070,ITM0031,VEN006,2024-05-08,390.33,IDR,po
PH000071,ITM0028,VEN010,2024-08-03,565.24,IDR,po
PH000072,ITM0020,VEN002,2025-12-04,26592.00,IDR,po
PH000073,ITM0033,VEN020,2025-01-16,868.93,IDR,po
PH000074,ITM0035,VEN018,2025-03-04,205147.97,IDR,po
PH000075,ITM0017,VEN007,2024-12-02,101.54,IDR,po
PH000076,ITM0033,VEN001,2024-06-08,818.47,IDR,po
PH000077,ITM0004,VEN013,2025-10-23,7610.92,IDR,po
PH000078,ITM0018,VEN007,2025-02-14,138.48,IDR,po
PH000079,ITM0025,VEN013,2025-01-28,34.78,IDR,po
PH000080,ITM0018,VEN006,2024-08-12,50.93,IDR,po
PH000081,ITM0026,VEN004,2025-04-11,111.42,IDR,po
PH000082,ITM0007,VEN017,2024-05-15,2225.83,IDR,po
PH000083,ITM0017,VEN026,2025-12-08,115.32,IDR,po
PH000084,ITM0009,VEN004,2024-09-16,28259.22,IDR,po
PH000085,ITM0015,VEN014,2025-06-27,8.73,IDR,po
PH000086,ITM0026,VEN024,2025-06-26,145.14,IDR,po
PH000087,ITM0025,VEN008,2025-12-30,45.34,IDR,po
PH000088,ITM0037,VEN013,2024-11-23,37469.59,IDR,po
PH000089,ITM0031,VEN007,2025-01-05,344.64,IDR,po
PH000090,ITM0034,VEN024,2025-12-21,20865.09,IDR,po
PH000091,ITM0027,VEN004,2025-11-26,148.48,IDR,po
PH000092,ITM0016,VEN018,2025-08-08,73.93,IDR,po
PH000093,ITM0023,VEN006,2024-05-13,39.44,IDR,po
PH000094,ITM0037,VEN021,2024-01-11,81448.31,IDR,po
PH000095,ITM0037,VEN021,2024-01-11,81448.31,IDR,po
PH000096,ITM0034,VEN012,2025-03-25,18971.47,IDR,po
PH000097,ITM0004,VEN026,2024-12-23,10740.86,IDR,po
PH000098,ITM0015,VEN002,2025-10-24,7.46,IDR,po
PH000099,ITM0019,VEN023,2024-09-18,6555.92,IDR,po
PH000100,ITM0033,VEN014,2024-09-04,912.67,IDR,po
PH000101,ITM0001,VEN004,2025-12-23,10846.81,IDR,po
PH000102,ITM0001,VEN027,2024-10-16,13457.04,IDR,po
PH000103,ITM0021,VEN026,2025-08-30,18641.22,IDR,po
PH000104,ITM0019,VEN019,2025-09-30,8486.57,IDR,po
PH000105,ITM0002,VEN006,2024-06-05,40518.18,IDR,po
PH000106,ITM0012,VEN013,2025-03-05,18168.32,IDR,po
PH000107,ITM0005,VEN015,2024-10-13,1288.86,IDR,po
PH000108,ITM0009,VEN026,2025-09-25,33807.43,IDR,po
PH000109,ITM0013,VEN023,2025-01-11,661.76,IDR,po
PH000110,ITM0009,VEN004,2025-12-31,25627.96,IDR,po
PH000111,ITM0008,VEN022,2025-03-13,294.36,IDR,po
PH000112,ITM0020,VEN027,2024-10-11,26667.92,IDR,po
PH000113,ITM0026,VEN002,2024-11-28,129.84,IDR,po
PH000114,ITM0029,VEN019,2025-12-31,93.01,IDR,po
PH000115,ITM0010,VEN030,2025-02-11,26400.37,IDR,po
PH000116,ITM0008,VEN023,2024-11-18,304.55,IDR,po
PH000117,ITM0036,VEN023,2025-04-03,1299.52,IDR,po
PH000118,ITM0024,VEN022,2024-01-08,460.07,IDR,po
PH000119,ITM0033,VEN025,2024-05-08,742.33,IDR,po
PH000120,ITM0034,VEN011,2024-03-10,18321.13,IDR,po
PH000121,ITM0023,VEN018,2025-11-06,40.82,IDR,po
PH000122,ITM0011,VEN014,2024-08-14,14532.89,IDR,po
PH000123,ITM0032,VEN002,2025-06-27,10218.16,IDR,po
PH000124,ITM0015,VEN014,2024-11-24,8.30,IDR,po
PH000125,ITM0022,VEN027,2025-03-27,48.99,IDR,po
PH000126,ITM0022,VEN030,2025-05-18,62.43,IDR,po
PH000127,ITM0014,VEN009,2025-09-28,15801.43,IDR,po
PH000128,ITM0018,VEN023,2024-08-07,91.85,IDR,po
PH000129,ITM0018,VEN021,2025-12-13,128.41,IDR,po
PH000130,ITM0033,VEN005,2024-07-16,940.79,IDR,po
PH000131,ITM0018,VEN005,2025-12-31,138.11,IDR,po
PH000132,ITM0037,VEN013,2025-09-22,36142.49,IDR,po
PH000133,ITM0004,VEN003,2024-05-13,10463.87,IDR,po
PH000134,ITM0023,VEN016,2025-03-09,30.47,IDR,po
PH000135,ITM0037,VEN017,2024-07-13,47855.34,IDR,po
PH000136,ITM0019,VEN025,2025-04-10,8952.72,IDR,po
PH000137,ITM0012,VEN009,2025-04-07,26747.32,IDR,po
PH000138,ITM0031,VEN030,2025-01-01,370.47,IDR,po
PH000139,ITM0009,VEN013,2025-01-19,26477.28,IDR,po
PH000140,ITM0027,VEN014,2025-08-17,105.45,IDR,po
PH000141,ITM0011,VEN014,2024-12-05,14420.66,IDR,po
PH000142,ITM0014,VEN009,2024-09-05,15613.98,IDR,po
PH000143,ITM0025,VEN028,2024-12-17,50.07,IDR,po
PH000144,ITM0016,VEN008,2024-07-06,71.18,IDR,po
PH000145,ITM0030,VEN001,2025-10-12,224.22,IDR,po
PH000146,ITM0031,VEN004,2024-11-23,274.42,IDR,po
PH000147,ITM0022,VEN009,2024-03-31,60.67,IDR,po
PH000148,ITM0003,VEN017,2025-09-01,3280.17,IDR,po
PH000149,ITM0002,VEN001,2025-09-30,35064.12,IDR,po
PH000150,ITM0025,VEN001,2025-04-25,40.29,IDR,po
PH000151,ITM0026,VEN028,2025-01-24,139.86,IDR,po
PH000152,ITM0002,VEN016,2024-04-22,28986.99,IDR,po
PH000153,ITM0033,VEN005,2024-08-18,950.52,IDR,po
PH000154,ITM0031,VEN016,2024-12-26,283.29,IDR,po
PH000155,ITM0008,VEN024,2024-05-23,459.60,IDR,po
PH000156,ITM0027,VEN022,2025-11-16,158.25,IDR,po
PH000157,ITM0014,VEN019,2025-11-16,13498.53,IDR,po
PH000158,ITM0006,VEN011,2025-09-20,7068.87,IDR,po
PH000159,ITM0035,VEN019,2025-12-31,163734.27,IDR,po
PH000160,ITM0032,VEN024,2024-01-31,11907.07,IDR,po
PH000161,ITM0002,VEN026,2024-12-30,45061.71,IDR,po
PH000162,ITM0016,VEN027,2024-10-09,59.58,IDR,po
PH000163,ITM0020,VEN013,2024-02-28,19522.75,IDR,po
PH000164,ITM0017,VEN029,2025-10-05,100.33,IDR,po
PH000165,ITM0024,VEN015,2024-10-04,554.31,IDR,po
PH000166,ITM0001,VEN013,2024-04-16,10440.69,IDR,po
PH000167,ITM0030,VEN014,2024-12-03,279.49,IDR,po
PH000168,ITM0036,VEN029,2024-08-22,1352.13,IDR,po
PH000169,ITM0021,VEN019,2025-01-06,16907.88,IDR,po
PH000170,ITM0005,VEN006,2024-03-28,1363.34,IDR,po
PH000171,ITM0037,VEN001,2025-10-31,40516.31,IDR,po
PH000172,ITM0038,VEN028,2024-10-21,3322.99,IDR,po
PH000173,ITM0004,VEN020,2024-12-18,11133.43,IDR,po
PH000174,ITM0024,VEN001,2025-11-08,528.00,IDR,po
PH000175,ITM0022,VEN021,2024-11-11,58.76,IDR,po
PH000176,ITM0040,VEN019,2025-01-28,2945.18,IDR,po
PH000177,ITM0019,VEN001,2024-10-24,7861.76,IDR,po
PH000178,ITM0005,VEN030,2025-12-31,1349.90,IDR,po
PH000179,ITM0026,VEN001,2025-01-31,127.67,IDR,po
PH000180,ITM0003,VEN013,2024-08-27,2380.30,IDR,po
PH000181,ITM0002,VEN020,2024-04-19,71414.95,IDR,po
PH000182,ITM0010,VEN007,2025-06-05,24486.81,IDR,po
PH000183,ITM0023,VEN014,2025-08-06,39.06,IDR,po
PH000184,ITM0033,VEN018,2025-03-05,853.40,IDR,po
PH000185,ITM0005,VEN003,2024-07-09,1387.09,IDR,po
PH000186,ITM0006,VEN003,2025-05-31,7329.69,IDR,po
PH000187,ITM0010,VEN027,2025-01-04,20891.76,IDR,po
PH000188,ITM0023,VEN016,2024-09-26,28.94,IDR,po
PH000189,ITM0013,VEN023,2025-05-06,626.85,IDR,po
PH000190,ITM0032,VEN025,2025-10-05,10074.47,IDR,po
PH000191,ITM0015,VEN011,2024-10-22,7.58,IDR,po
PH000192,ITM0024,VEN008,2025-10-25,610.84,IDR,po
PH000193,ITM0022,VEN020,2024-04-01,62.20,IDR,po
PH000194,ITM0006,VEN014,2024-09-05,7824.94,IDR,po
PH000195,ITM0025,VEN001,2025-09-07,40.60,IDR,po
PH000196,ITM0005,VEN025,2025-09-09,1156.19,IDR,po
PH000197,ITM0032,VEN022,2024-11-20,9511.60,IDR,po
PH000198,ITM0017,VEN016,2024-08-20,77.14,IDR,po
PH000199,ITM0034,VEN019,2025-02-10,18111.23,IDR,po
PH000200,ITM0031,VEN026,2024-03-09,345.26,IDR,po
PH000201,ITM0036,VEN008,2024-04-19,1744.01,IDR,po
PH000202,ITM0039,VEN011,2024-07-17,17028.12,IDR,po
PH000203,ITM0034,VEN003,2025-09-29,23455.50,IDR,po
PH000204,ITM0028,VEN002,2024-10-01,714.94,IDR,po
PH000205,ITM0027,VEN006,2024-10-26,217.77,IDR,po
PH000206,ITM0035,VEN007,2025-01-15,201872.77,IDR,po
PH000207,ITM0020,VEN014,2024-04-16,26899.69,IDR,po
PH000208,ITM0007,VEN019,2024-03-24,1671.09,IDR,po
PH000209,ITM0009,VEN013,2025-07-24,28317.81,IDR,po
PH000210,ITM0024,VEN011,2025-10-25,574.98,IDR,po
PH000211,ITM0036,VEN028,2024-09-15,1690.40,IDR,po
PH000212,ITM0009,VEN008,2024-04-15,35532.39,IDR,po
PH000213,ITM0038,VEN008,2024-05-12,3351.20,IDR,po
PH000214,ITM0014,VEN003,2024-03-27,15744.67,IDR,po
PH000215,ITM0035,VEN028,2024-08-23,191545.84,IDR,po
PH000216,ITM0022,VEN001,2024-10-09,22.46,IDR,po
PH000217,ITM0020,VEN027,2025-12-08,23471.60,IDR,po
PH000218,ITM0019,VEN024,2025-02-13,9438.19,IDR,po
PH000219,ITM0031,VEN013,2024-01-24,255.09,IDR,po
PH000220,ITM0034,VEN015,2025-12-29,19981.65,IDR,po
PH000221,ITM0034,VEN030,2024-05-10,20894.63,IDR,po
PH000222,ITM0022,VEN012,2024-09-10,48.16,IDR,po
PH000223,ITM0037,VEN019,2024-03-19,43264.08,IDR,po
PH000224,ITM0010,VEN025,2024-09-15,24137.44,IDR,po
PH000225,ITM0018,VEN013,2024-09-14,99.46,IDR,po
PH000226,ITM0034,VEN007,2024-06-30,23580.74,IDR,po
PH000227,ITM0006,VEN015,2024-05-21,6020.33,IDR,po
PH000228,ITM0015,VEN028,2025-03-12,8.61,IDR,po
PH000229,ITM0011,VEN014,2025-11-05,13779.15,IDR,po
PH000230,ITM0020,VEN029,2024-10-25,25222.29,IDR,po
PH000231,ITM0037,VEN007,2024-06-11,48601.39,IDR,po
PH000232,ITM0006,VEN022,2025-03-20,5670.28,IDR,po
PH000233,ITM0008,VEN030,2024-03-17,443.56,IDR,po
PH000234,ITM0025,VEN020,2025-01-27,47.45,IDR,po
PH000235,ITM0040,VEN003,2024-06-10,3555.13,IDR,po
PH000236,ITM0029,VEN024,2025-04-08,118.38,IDR,po
PH000237,ITM0030,VEN006,2025-06-15,282.38,IDR,po
PH000238,ITM0028,VEN026,2024-06-24,754.68,IDR,po
PH000239,ITM0038,VEN015,2025-09-10,2502.69,IDR,po
PH000240,ITM0037,VEN011,2025-08-09,39204.79,IDR,po
PH000241,ITM0009,VEN002,2025-04-22,29027.93,IDR,po
PH000242,ITM0036,VEN022,2024-05-02,1175.22,IDR,po
PH000243,ITM0002,VEN009,2024-06-12,45278.14,IDR,po
PH000244,ITM0024,VEN030,2024-06-06,655.28,IDR,po
PH000245,ITM0028,VEN017,2024-05-02,287.76,IDR,po
PH000246,ITM0039,VEN009,2025-03-12,19483.63,IDR,po
PH000247,ITM0016,VEN018,2025-12-01,71.94,IDR,po
PH000248,ITM0012,VEN013,2024-10-29,18476.14,IDR,po
PH000249,ITM0023,VEN017,2024-06-02,41.00,IDR,po
PH000250,ITM0023,VEN008,2024-10-30,42.14,IDR,po
PH000251,ITM0029,VEN017,2025-04-14,108.48,IDR,po
PH000252,ITM0039,VEN021,2025-11-08,20350.50,IDR,po
PH000253,ITM0005,VEN016,2025-09-02,1086.86,IDR,po
PH000254,ITM0020,VEN023,2025-07-02,22354.85,IDR,po
PH000255,ITM0037,VEN015,2025-07-04,43772.92,IDR,po
PH000256,ITM0021,VEN020,2025-03-16,6861.43,IDR,po
PH000257,ITM0004,VEN007,2024-04-23,10793.10,IDR,po
PH000258,ITM0011,VEN014,2025-12-11,13071.36,IDR,po
PH000259,ITM0005,VEN027,2024-11-19,1221.03,IDR,po
PH000260,ITM0009,VEN027,2024-12-18,30856.29,IDR,po
PH000261,ITM0008,VEN001,2024-06-28,363.13,IDR,po
PH000262,ITM0007,VEN002,2025-09-24,1670.99,IDR,po
PH000263,ITM0036,VEN025,2024-02-15,1360.94,IDR,po
PH000264,ITM0002,VEN003,2025-09-30,40464.71,IDR,po
PH000265,ITM0015,VEN030,2024-03-05,8.47,IDR,po
PH000266,ITM0040,VEN019,2025-01-15,2914.08,IDR,po
PH000267,ITM0017,VEN009,2025-01-17,116.07,IDR,po
PH000268,ITM0033,VEN007,2024-11-02,917.66,IDR,po
PH000269,ITM0033,VEN013,2024-05-12,605.70,IDR,po
PH000270,ITM0022,VEN002,2025-10-10,51.41,IDR,po
PH000271,ITM0040,VEN008,2025-08-08,3639.77,IDR,po
PH000272,ITM0020,VEN019,2025-08-06,25597.44,IDR,po
PH000273,ITM0035,VEN018,2025-10-14,214157.84,IDR,po
PH000274,ITM0030,VEN029,2024-10-18,215.62,IDR,po
PH000275,ITM0030,VEN023,2024-11-16,213.65,IDR,po
PH000276,ITM0006,VEN009,2024-07-08,7365.06,IDR,po
PH000277,ITM0001,VEN022,2024-10-16,12633.73,IDR,po
PH000278,ITM0006,VEN026,2024-07-15,7990.59,IDR,po
PH000279,ITM0027,VEN022,2024-06-29,138.16,IDR,po
PH000280,ITM0039,VEN025,2024-11-03,16781.53,IDR,po
PH000281,ITM0019,VEN002,2025-02-28,9199.15,IDR,po
PH000282,ITM0033,VEN026,2024-07-29,906.66,IDR,po
PH000283,ITM0034,VEN022,2025-02-10,11469.47,IDR,po
PH000284,ITM0031,VEN023,2024-11-20,274.87,IDR,po
PH000285,ITM0028,VEN030,2025-05-19,795.74,IDR,po
PH000286,ITM0031,VEN028,2025-10-12,382.83,IDR,po
PH000287,ITM0018,VEN026,2025-03-01,136.41,IDR,po
PH000288,ITM0032,VEN004,2025-09-29,8426.72,IDR,po
PH000289,ITM0004,VEN001,2025-06-05,8710.39,IDR,po
PH000290,ITM0023,VEN005,2025-10-12,41.32,IDR,po
PH000291,ITM0005,VEN026,2025-12-31,1516.03,IDR,po
PH000292,ITM0027,VEN012,2025-01-21,172.64,IDR,po
PH000293,ITM0005,VEN009,2025-08-10,1477.77,IDR,po
PH000294,ITM0010,VEN029,2025-08-19,23539.47,IDR,po
PH000295,ITM0037,VEN004,2024-06-16,33137.20,IDR,po
PH000296,ITM0005,VEN026,2025-08-06,1452.85,IDR,po
PH000297,ITM0015,VEN018,2025-01-03,8.66,IDR,po
PH000298,ITM0008,VEN016,2024-07-01,295.92,IDR,po
PH000299,ITM0011,VEN014,2025-05-20,13741.74,IDR,po
PH000300,ITM0011,VEN014,2025-11-30,13569.30,IDR,po
PH000301,ITM0015,VEN023,2025-07-01,6.35,IDR,po
PH000302,ITM0025,VEN021,2025-07-17,46.61,IDR,po
PH000303,ITM0011,VEN014,2025-12-31,13400.14,IDR,po
PH000304,ITM0004,VEN002,2025-08-01,9176.62,IDR,po
PH000305,ITM0033,VEN024,2025-12-20,971.56,IDR,po
PH000306,ITM0010,VEN023,2025-12-22,18396.34,IDR,po
PH000307,ITM0002,VEN018,2025-10-25,39697.87,IDR,po
PH000308,ITM0021,VEN006,2025-02-07,17457.88,IDR,po
PH000309,ITM0023,VEN020,2024-05-29,41.48,IDR,po
PH000310,ITM0006,VEN030,2024-05-10,7990.89,IDR,po
PH000311,ITM0031,VEN008,2025-05-10,381.08,IDR,po
PH000312,ITM0012,VEN013,2025-08-23,55510.43,IDR,po
PH000313,ITM0022,VEN002,2024-09-25,52.85,IDR,po
PH000314,ITM0011,VEN014,2024-08-29,13774.98,IDR,po
PH000315,ITM0021,VEN024,2025-02-16,18451.90,IDR,po
PH000316,ITM0034,VEN016,2024-12-17,15240.77,IDR,po
PH000317,ITM0022,VEN018,2025-10-11,63.48,IDR,po
PH000318,ITM0018,VEN020,2025-07-01,137.04,IDR,po
PH000319,ITM0033,VEN008,2025-10-29,941.21,IDR,po
PH000320,ITM0016,VEN027,2024-11-03,60.16,IDR,po
PH000321,ITM0010,VEN018,2024-03-22,25702.45,IDR,po
PH000322,ITM0005,VEN021,2025-07-05,1414.43,IDR,po
PH000323,ITM0029,VEN026,2024-11-04,116.72,IDR,po
PH000324,ITM0033,VEN024,2025-05-12,877.41,IDR,po
PH000325,ITM0002,VEN018,2024-02-02,42763.65,IDR,po
PH000326,ITM0013,VEN023,2024-06-02,666.65,IDR,po
PH000327,ITM0005,VEN016,2025-07-27,987.94,IDR,po
PH000328,ITM0039,VEN006,2024-03-03,18729.86,IDR,po
PH000329,ITM0007,VEN024,2024-06-16,2164.81,IDR,po
PH000330,ITM0014,VEN010,2024-11-16,10896.68,IDR,po
PH000331,ITM0018,VEN019,2024-04-06,123.53,IDR,po
PH000332,ITM0039,VEN015,2025-12-31,16912.01,IDR,po
PH000333,ITM0039,VEN025,2024-05-20,15566.86,IDR,po
PH000334,ITM0019,VEN007,2024-06-22,10304.40,IDR,po
PH000335,ITM0014,VEN007,2025-05-06,16230.00,IDR,po
PH000336,ITM0021,VEN024,2024-09-09,19121.73,IDR,po
PH000337,ITM0033,VEN015,2025-05-16,736.43,IDR,po
PH000338,ITM0025,VEN022,2025-04-01,32.14,IDR,po
PH000339,ITM0039,VEN025,2024-01-27,15807.74,IDR,po
PH000340,ITM0012,VEN005,2024-03-02,25880.45,IDR,po
PH000341,ITM0008,VEN028,2025-01-20,463.86,IDR,po
PH000342,ITM0029,VEN013,2025-03-16,82.57,IDR,po
PH000343,ITM0003,VEN019,2024-10-22,2563.25,IDR,po
PH000344,ITM0001,VEN026,2025-09-28,16105.79,IDR,po
PH000345,ITM0033,VEN021,2024-06-03,964.81,IDR,po
PH000346,ITM0009,VEN012,2024-10-24,31926.08,IDR,po
PH000347,ITM0033,VEN026,2025-07-16,947.84,IDR,po
PH000348,ITM0036,VEN014,2024-12-03,1591.74,IDR,po
PH000349,ITM0013,VEN023,2024-09-11,590.23,IDR,po
PH000350,ITM0014,VEN028,2024-08-16,17435.21,IDR,po
PH000351,ITM0013,VEN023,2025-09-26,653.54,IDR,po
PH000352,ITM0018,VEN008,2024-05-03,133.46,IDR,po
PH000353,ITM0034,VEN024,2025-07-15,8341.44,IDR,po
PH000354,ITM0008,VEN018,2025-03-20,471.60,IDR,po
PH000355,ITM0004,VEN009,2024-04-30,10971.82,IDR,po
PH000356,ITM0020,VEN020,2024-02-06,27863.51,IDR,po
PH000357,ITM0004,VEN023,2025-11-05,7220.02,IDR,po
PH000358,ITM0014,VEN001,2025-04-01,14265.96,IDR,po
PH000359,ITM0026,VEN013,2024-06-24,99.19,IDR,po
PH000360,ITM0010,VEN008,2024-01-20,25917.69,IDR,po
PH000361,ITM0030,VEN020,2025-02-24,281.95,IDR,po
PH000362,ITM0026,VEN018,2025-05-03,148.43,IDR,po
PH000363,ITM0022,VEN027,2025-07-15,49.67,IDR,po
PH000364,ITM0011,VEN014,2025-06-16,14893.60,IDR,po
PH000365,ITM0031,VEN021,2025-10-14,343.62,IDR,po
PH000366,ITM0001,VEN019,2024-02-02,13218.28,IDR,po
PH000367,ITM0022,VEN003,2024-12-25,64.32,IDR,po
PH000368,ITM0022,VEN018,2025-08-03,56.54,IDR,po
PH000369,ITM0009,VEN012,2025-07-31,30890.53,IDR,po
PH000370,ITM0036,VEN020,2024-03-15,1613.30,IDR,po
PH000371,ITM0010,VEN025,2024-11-29,22145.89,IDR,po
PH000372,ITM0006,VEN018,2025-04-30,7350.86,IDR,po
PH000373,ITM0016,VEN020,2024-07-18,73.54,IDR,po
PH000374,ITM0037,VEN023,2025-04-28,35810.23,IDR,po
PH000375,ITM0022,VEN020,2025-01-22,58.78,IDR,po
PH000376,ITM0039,VEN026,2025-12-31,18344.49,IDR,po
PH000377,ITM0029,VEN014,2025-12-31,115.14,IDR,po
PH000378,ITM0020,VEN015,2025-11-18,25793.29,IDR,po
PH000379,ITM0034,VEN013,2025-05-26,15606.22,IDR,po
PH000380,ITM0035,VEN014,2025-07-25,188828.64,IDR,po
PH000381,ITM0037,VEN029,2025-05-02,41767.00,IDR,po
PH000382,ITM0002,VEN015,2024-10-14,34861.66,IDR,po
PH000383,ITM0025,VEN013,2024-07-16,31.97,IDR,po
PH000384,ITM0018,VEN026,2025-11-18,136.22,IDR,po
PH000385,ITM0006,VEN005,2025-12-31,7321.63,IDR,po
PH000386,ITM0016,VEN023,2025-04-10,48.22,IDR,po
PH000387,ITM0015,VEN008,2025-11-18,7.86,IDR,po
PH000388,ITM0020,VEN027,2024-08-21,23886.68,IDR,po
PH000389,ITM0025,VEN014,2025-05-15,46.69,IDR,po
PH000390,ITM0032,VEN025,2025-08-15,10167.79,IDR,po
PH000391,ITM0001,VEN010,2025-08-01,11481.16,IDR,po
PH000392,ITM0014,VEN019,2024-10-06,13275.93,IDR,po
PH000393,ITM0013,VEN023,2024-03-05,685.42,IDR,po
PH000394,ITM0017,VEN018,2024-04-26,106.18,IDR,po
PH000395,ITM0025,VEN013,2024-12-08,33.22,IDR,po
PH000396,ITM0025,VEN016,2024-07-26,36.86,IDR,po
PH000397,ITM0002,VEN016,2024-04-30,32571.58,IDR,po
PH000398,ITM0006,VEN022,2025-09-08,5065.10,IDR,po
PH000399,ITM0019,VEN002,2025-06-30,8961.49,IDR,po
PH000400,ITM0022,VEN010,2024-08-23,43.96,IDR,po
PH000401,ITM0030,VEN028,2024-05-15,276.51,IDR,po
PH000402,ITM0007,VEN019,2024-03-30,1961.77,IDR,po
PH000403,ITM0001,VEN021,2024-04-15,17096.32,IDR,po
PH000404,ITM0016,VEN012,2024-04-14,61.29,IDR,po
PH000405,ITM0030,VEN010,2025-04-25,204.56,IDR,po
PH000406,ITM0002,VEN018,2025-09-07,44195.30,IDR,po
PH000407,ITM0033,VEN009,2024-08-13,872.80,IDR,po
PH000408,ITM0015,VEN002,2024-06-21,6.83,IDR,po
PH000409,ITM0038,VEN006,2024-05-04,3163.72,IDR,po
PH000410,ITM0023,VEN024,2024-01-31,42.66,IDR,po
PH000411,ITM0037,VEN006,2024-04-08,49007.73,IDR,po
PH000412,ITM0010,VEN020,2024-04-25,9699.92,IDR,po
PH000413,ITM0002,VEN027,2024-10-08,36031.83,IDR,po
PH000414,ITM0029,VEN029,2025-03-07,94.57,IDR,po
PH000415,ITM0034,VEN005,2024-08-23,21146.40,IDR,po
PH000416,ITM0029,VEN022,2024-09-04,56.99,IDR,po
PH000417,ITM0014,VEN017,2025-07-07,17083.60,IDR,po
PH000418,ITM0006,VEN004,2025-12-31,5336.55,IDR,po
PH000419,ITM0026,VEN022,2024-11-15,99.39,IDR,po
PH000420,ITM0031,VEN021,2024-12-22,367.71,IDR,po
PH000421,ITM0038,VEN003,2024-05-10,3278.55,IDR,po
PH000422,ITM0019,VEN017,2024-08-26,9893.05,IDR,po
PH000423,ITM0003,VEN023,2024-11-23,2413.34,IDR,po
PH000424,ITM0039,VEN019,2025-09-25,16052.56,IDR,po
PH000425,ITM0037,VEN010,2024-04-08,36967.19,IDR,po
PH000426,ITM0026,VEN029,2024-03-30,133.16,IDR,po
PH000427,ITM0013,VEN023,2025-05-09,684.74,IDR,po
PH000428,ITM0003,VEN016,2025-07-03,2149.98,IDR,po
PH000429,ITM0035,VEN029,2024-02-20,174023.25,IDR,po
PH000430,ITM0002,VEN025,2025-08-01,38032.78,IDR,po
PH000431,ITM0009,VEN023,2025-01-27,60246.50,IDR,po
PH000432,ITM0034,VEN007,2025-02-06,22586.55,IDR,po
PH000433,ITM0012,VEN013,2024-09-20,16998.55,IDR,po
PH000434,ITM0006,VEN022,2024-12-11,5258.01,IDR,po
PH000435,ITM0011,VEN014,2024-03-27,14153.68,IDR,po
PH000436,ITM0029,VEN016,2024-05-20,72.55,IDR,po
PH000437,ITM0021,VEN004,2024-07-25,12634.51,IDR,po
PH000438,ITM0016,VEN009,2025-05-12,69.93,IDR,po
PH000439,ITM0023,VEN013,2025-04-10,27.26,IDR,po
PH000440,ITM0030,VEN014,2025-12-27,282.09,IDR,po
PH000441,ITM0012,VEN013,2024-12-18,17419.29,IDR,po
PH000442,ITM0012,VEN013,2025-01-25,19621.59,IDR,po
PH000443,ITM0011,VEN014,2024-03-28,14474.70,IDR,po
PH000444,ITM0035,VEN013,2024-03-09,138434.51,IDR,po
PH000445,ITM0006,VEN014,2024-12-02,7494.13,IDR,po
PH000446,ITM0020,VEN010,2025-08-10,19845.32,IDR,po
PH000447,ITM0005,VEN022,2024-08-01,1116.17,IDR,po
PH000448,ITM0010,VEN010,2025-10-31,16982.86,IDR,po
PH000449,ITM0034,VEN026,2025-07-26,22797.55,IDR,po
PH000450,ITM0007,VEN015,2024-02-16,1876.28,IDR,po
PH000451,ITM0018,VEN011,2024-01-20,229.18,IDR,po
PH000452,ITM0013,VEN023,2024-02-23,324.90,IDR,po
PH000453,ITM0026,VEN017,2025-10-05,153.93,IDR,po
PH000454,ITM0016,VEN016,2024-01-29,48.92,IDR,po
PH000455,ITM0028,VEN012,2024-12-07,638.04,IDR,po
PH000456,ITM0020,VEN016,2025-04-11,20570.04,IDR,po
PH000457,ITM0040,VEN019,2025-05-07,2776.67,IDR,po
PH000458,ITM0022,VEN012,2025-07-21,54.52,IDR,po
PH000459,ITM0010,VEN016,2024-04-04,20265.33,IDR,po
PH000460,ITM0036,VEN024,2024-12-06,1774.03,IDR,po
PH000461,ITM0032,VEN012,2025-12-31,11570.83,IDR,po
PH000462,ITM0022,VEN002,2025-12-10,22.46,IDR,po
PH000463,ITM0029,VEN029,2024-10-10,101.79,IDR,po
PH000464,ITM0026,VEN016,2024-05-09,96.61,IDR,po
PH000465,ITM0036,VEN008,2025-03-14,1659.30,IDR,po
PH000466,ITM0023,VEN025,2024-12-21,36.02,IDR,po
PH000467,ITM0004,VEN019,2025-02-24,9442.61,IDR,po
PH000468,ITM0026,VEN030,2024-12-06,152.19,IDR,po
PH000469,ITM0040,VEN019,2024-02-02,2704.24,IDR,po
PH000470,ITM0015,VEN025,2025-10-15,7.01,IDR,po
PH000471,ITM0033,VEN011,2025-02-08,771.90,IDR,po
PH000472,ITM0014,VEN024,2025-03-26,17088.94,IDR,po
PH000473,ITM0025,VEN015,2025-03-24,41.14,IDR,po
PH000474,ITM0018,VEN025,2025-07-30,109.85,IDR,po
PH000475,ITM0034,VEN013,2024-05-24,15939.96,IDR,po
PH000476,ITM0010,VEN002,2024-01-19,21361.93,IDR,po
PH000477,ITM0028,VEN004,2025-11-08,608.40,IDR,po
PH000478,ITM0015,VEN020,2024-03-08,8.44,IDR,po
PH000479,ITM0028,VEN019,2024-06-22,690.80,IDR,po
PH000480,ITM0006,VEN019,2025-08-09,6359.43,IDR,po
PH000481,ITM0028,VEN028,2025-05-13,725.94,IDR,po
PH000482,ITM0037,VEN016,2025-05-10,34336.38,IDR,po
PH000483,ITM0027,VEN026,2024-09-10,440.96,IDR,po
PH000484,ITM0009,VEN007,2025-02-12,35182.40,IDR,po
PH000485,ITM0037,VEN017,2025-07-06,50521.05,IDR,po
PH000486,ITM0024,VEN009,2025-06-14,582.73,IDR,po
PH000487,ITM0009,VEN013,2025-09-30,25866.30,IDR,po
PH000488,ITM0002,VEN029,2024-10-16,38410.68,IDR,po
PH000489,ITM0025,VEN012,2025-09-10,40.51,IDR,po
PH000490,ITM0034,VEN009,2024-01-12,21247.33,IDR,po
PH000491,ITM0027,VEN003,2024-11-03,216.59,IDR,po
PH000492,ITM0016,VEN008,2025-05-14,67.87,IDR,po
PH000493,ITM0003,VEN016,2024-09-25,2365.53,IDR,po
PH000494,ITM0021,VEN002,2025-03-22,15324.56,IDR,po
PH000495,ITM0023,VEN003,2025-12-31,41.08,IDR,po
PH000496,ITM0034,VEN025,2025-03-30,19597.42,IDR,po
PH000497,ITM0034,VEN027,2024-03-04,20732.61,IDR,po
PH000498,ITM0027,VEN025,2024-11-17,174.11,IDR,po
PH000499,ITM0001,VEN011,2025-06-03,12823.95,IDR,po
PH000500,ITM0005,VEN027,2025-02-09,1303.33,IDR,po
PH000501,ITM0015,VEN009,2024-03-05,7.75,IDR,po
PH000502,ITM0010,VEN015,2024-05-08,21805.86,IDR,po
PH000503,ITM0026,VEN008,2025-05-15,139.60,IDR,po
PH000504,ITM0015,VEN021,2024-04-13,8.21,IDR,po
PH000505,ITM0014,VEN024,2025-12-27,15930.27,IDR,po
PH000506,ITM0036,VEN015,2025-11-05,1469.86,IDR,po
PH000507,ITM0021,VEN012,2024-10-30,15831.02,IDR,po
PH000508,ITM0036,VEN017,2024-02-01,1580.42,IDR,po
PH000509,ITM0006,VEN017,2024-02-21,7840.64,IDR,po
PH000510,ITM0039,VEN008,2024-05-14,19388.21,IDR,po
PH000511,ITM0010,VEN001,2025-09-12,23206.72,IDR,po
PH000512,ITM0036,VEN010,2024-05-15,1253.12,IDR,po
PH000513,ITM0009,VEN001,2024-08-06,28771.32,IDR,po
PH000514,ITM0029,VEN005,2024-09-01,105.63,IDR,po
PH000515,ITM0013,VEN023,2024-04-11,670.50,IDR,po
PH000516,ITM0018,VEN018,2024-03-25,138.54,IDR,po
PH000517,ITM0034,VEN020,2024-08-28,23283.61,IDR,po
PH000518,ITM0036,VEN028,2024-06-28,1690.67,IDR,po
PH000519,ITM0026,VEN001,2025-09-03,136.48,IDR,po
PH000520,ITM0001,VEN016,2025-12-04,11568.44,IDR,po
PH000521,ITM0004,VEN007,2024-09-25,10209.44,IDR,po
PH000522,ITM0001,VEN027,2025-11-11,34279.98,IDR,po
PH000523,ITM0004,VEN009,2025-08-13,11017.52,IDR,po
PH000524,ITM0016,VEN025,2025-07-18,61.47,IDR,po
PH000525,ITM0034,VEN027,2024-08-16,19895.48,IDR,po
PH000526,ITM0026,VEN017,2025-08-11,139.06,IDR,po
PH000527,ITM0017,VEN005,2024-05-06,109.99,IDR,po
PH000528,ITM0019,VEN014,2025-12-31,9317.23,IDR,po
PH000529,ITM0039,VEN028,2025-10-05,20169.91,IDR,po
PH000530,ITM0030,VEN010,2025-05-23,199.48,IDR,po
PH000531,ITM0034,VEN012,2025-12-09,20230.11,IDR,po
PH000532,ITM0019,VEN016,2024-05-24,7782.98,IDR,po
PH000533,ITM0029,VEN025,2025-01-02,92.66,IDR,po
PH000534,ITM0016,VEN028,2024-05-15,73.18,IDR,po
PH000535,ITM0001,VEN016,2024-04-18,11650.42,IDR,po
PH000536,ITM0019,VEN015,2025-12-10,9041.42,IDR,po
PH000537,ITM0018,VEN015,2025-04-04,126.75,IDR,po
PH000538,ITM0029,VEN030,2024-12-18,117.79,IDR,po
PH000539,ITM0011,VEN014,2025-11-06,14211.66,IDR,po
PH000540,ITM0030,VEN001,2024-08-20,219.58,IDR,po
PH000541,ITM0016,VEN006,2025-01-06,71.51,IDR,po
PH000542,ITM0005,VEN007,2025-12-31,1379.25,IDR,po
PH000543,ITM0015,VEN025,2025-03-28,7.01,IDR,po
PH000544,ITM0025,VEN025,2024-09-18,42.29,IDR,po
PH000545,ITM0021,VEN017,2024-04-20,19260.35,IDR,po
PH000546,ITM0023,VEN011,2024-12-11,38.06,IDR,po
PH000547,ITM0006,VEN005,2024-09-23,7110.39,IDR,po
PH000548,ITM0025,VEN012,2025-12-27,43.37,IDR,po
PH000549,ITM0009,VEN023,2025-04-27,23926.15,IDR,po
PH000550,ITM0009,VEN023,2025-04-28,23926.15,IDR,po
PH000551,ITM0001,VEN004,2025-06-26,11360.62,IDR,po
PH000552,ITM0037,VEN010,2024-10-04,35471.44,IDR,po
PH000553,ITM0036,VEN005,2024-04-24,1753.08,IDR,po
PH000554,ITM0032,VEN015,2024-10-26,9951.08,IDR,po
PH000555,ITM0013,VEN023,2024-01-02,324.90,IDR,po
PH000556,ITM0003,VEN007,2025-09-13,3034.04,IDR,po
PH000557,ITM0031,VEN012,2025-05-21,296.85,IDR,po
PH000558,ITM0020,VEN005,2025-07-10,29442.11,IDR,po
PH000559,ITM0003,VEN008,2025-10-12,3162.78,IDR,po
PH000560,ITM0038,VEN012,2024-10-09,2821.18,IDR,po
PH000561,ITM0033,VEN016,2024-04-16,621.27,IDR,po
PH000562,ITM0020,VEN030,2024-07-06,29846.15,IDR,po
PH000563,ITM0004,VEN024,2025-03-27,11156.44,IDR,po
PH000564,ITM0011,VEN014,2025-09-14,13445.28,IDR,po
PH000565,ITM0012,VEN013,2024-04-23,19835.89,IDR,po
PH000566,ITM0019,VEN026,2024-03-02,9690.73,IDR,po
PH000567,ITM0007,VEN020,2025-02-08,2089.13,IDR,po
PH000568,ITM0009,VEN024,2024-07-04,33635.08,IDR,po
PH000569,ITM0019,VEN027,2024-09-13,8736.81,IDR,po
PH000570,ITM0018,VEN014,2025-07-19,138.09,IDR,po
PH000571,ITM0039,VEN003,2025-02-19,20522.61,IDR,po
PH000572,ITM0010,VEN011,2024-03-29,21150.53,IDR,po
PH000573,ITM0013,VEN023,2024-09-14,645.97,IDR,po
PH000574,ITM0023,VEN028,2025-04-07,38.80,IDR,po
PH000575,ITM0025,VEN030,2025-03-12,46.46,IDR,po
PH000576,ITM0025,VEN003,2024-06-03,45.79,IDR,po
PH000577,ITM0023,VEN027,2025-12-31,35.51,IDR,po
PH000578,ITM0020,VEN015,2025-02-09,24683.45,IDR,po
PH000579,ITM0031,VEN025,2025-07-24,326.87,IDR,po
PH000580,ITM0005,VEN019,2024-09-20,1205.21,IDR,po
PH000581,ITM0001,VEN028,2025-10-10,16527.70,IDR,po
PH000582,ITM0024,VEN012,2025-11-11,569.59,IDR,po
PH000583,ITM0032,VEN002,2024-11-06,10237.94,IDR,po
PH000584,ITM0015,VEN021,2025-03-13,8.38,IDR,po
PH000585,ITM0026,VEN028,2024-09-29,75.78,IDR,po
PH000586,ITM0024,VEN009,2025-04-02,638.03,IDR,po
PH000587,ITM0014,VEN030,2025-12-17,17498.27,IDR,po
PH000588,ITM0014,VEN003,2025-10-05,16678.88,IDR,po
PH000589,ITM0024,VEN012,2025-06-30,546.36,IDR,po
PH000590,ITM0023,VEN020,2025-02-03,42.05,IDR,po
PH000591,ITM0030,VEN029,2025-12-05,224.73,IDR,po
PH000592,ITM0004,VEN002,2024-05-15,9008.44,IDR,po
PH000593,ITM0036,VEN013,2024-09-24,1289.54,IDR,po
PH000594,ITM0005,VEN018,2025-11-01,1442.99,IDR,po
PH000595,ITM0029,VEN020,2025-04-19,115.82,IDR,po
PH000596,ITM0034,VEN003,2025-03-04,23852.56,IDR,po
PH000597,ITM0002,VEN026,2025-11-17,41700.37,IDR,po
PH000598,ITM0019,VEN019,2024-10-30,8970.27,IDR,po
PH000599,ITM0022,VEN026,2025-09-23,64.02,IDR,po
PH000600,ITM0004,VEN005,2025-10-06,10682.00,IDR,po
PH000601,ITM0013,VEN023,2025-03-28,581.77,IDR,po
PH000602,ITM0017,VEN008,2025-02-19,108.37,IDR,po
PH000603,ITM0005,VEN002,2024-10-01,1273.28,IDR,po
PH000604,ITM0001,VEN016,2024-10-24,11635.78,IDR,po
PH000605,ITM0034,VEN015,2024-02-24,19179.90,IDR,po
PH000606,ITM0014,VEN018,2025-11-01,15932.71,IDR,po
PH000607,ITM0031,VEN012,2024-06-14,302.49,IDR,po
PH000608,ITM0031,VEN025,2025-12-10,333.92,IDR,po
PH000609,ITM0010,VEN028,2024-04-09,26020.46,IDR,po
PH000610,ITM0022,VEN030,2024-08-09,58.86,IDR,po
PH000611,ITM0017,VEN021,2025-01-10,113.12,IDR,po
PH000612,ITM0039,VEN009,2024-06-12,19504.31,IDR,po
PH000613,ITM0008,VEN018,2024-07-14,454.32,IDR,po
PH000614,ITM0009,VEN020,2024-03-01,38082.73,IDR,po
PH000615,ITM0012,VEN013,2025-12-18,19949.98,IDR,po
PH000616,ITM0036,VEN018,2025-06-04,1761.27,IDR,po
PH000617,ITM0031,VEN018,2025-03-10,364.72,IDR,po
PH000618,ITM0028,VEN025,2025-09-03,704.36,IDR,po
PH000619,ITM0003,VEN008,2024-11-15,3172.85,IDR,po
PH000620,ITM0023,VEN012,2024-02-26,36.26,IDR,po
PH000621,ITM0032,VEN018,2025-12-31,12913.07,IDR,po
PH000622,ITM0004,VEN025,2025-09-07,8820.65,IDR,po
PH000623,ITM0016,VEN029,2024-02-22,62.18,IDR,po
PH000624,ITM0009,VEN011,2024-07-23,32340.43,IDR,po
PH000625,ITM0022,VEN029,2025-11-16,53.15,IDR,po
PH000626,ITM0032,VEN015,2025-01-08,10984.48,IDR,po
PH000627,ITM0015,VEN024,2024-03-01,8.44,IDR,po
PH000628,ITM0018,VEN029,2024-05-28,108.67,IDR,po
PH000629,ITM0009,VEN015,2025-06-22,32364.98,IDR,po
PH000630,ITM0031,VEN008,2025-01-04,188.03,IDR,po
PH000631,ITM0021,VEN019,2024-09-08,9434.46,IDR,po
PH000632,ITM0001,VEN019,2024-12-12,13426.08,IDR,po
PH000633,ITM0037,VEN029,2025-09-11,40406.52,IDR,po
PH000634,ITM0037,VEN029,2025-09-12,40406.52,IDR,po
PH000635,ITM0032,VEN004,2024-08-01,8435.54,IDR,po
PH000636,ITM0038,VEN017,2025-11-30,3085.61,IDR,po
PH000637,ITM0021,VEN009,2024-11-04,19655.17,IDR,po
PH000638,ITM0008,VEN007,2024-02-24,467.14,IDR,po
PH000639,ITM0017,VEN016,2025-02-28,85.87,IDR,po
PH000640,ITM0031,VEN005,2024-04-03,357.53,IDR,po
PH000641,ITM0005,VEN015,2025-03-23,1266.80,IDR,po
PH000642,ITM0032,VEN027,2025-11-01,10078.02,IDR,po
PH000643,ITM0019,VEN007,2024-03-08,10212.46,IDR,po
PH000644,ITM0031,VEN004,2025-10-26,273.63,IDR,po
PH000645,ITM0009,VEN003,2025-04-18,35206.11,IDR,po
PH000646,ITM0026,VEN028,2024-02-04,151.30,IDR,po
PH000647,ITM0024,VEN018,2025-01-03,612.71,IDR,po
PH000648,ITM0027,VEN001,2025-03-24,164.16,IDR,po
PH000649,ITM0040,VEN019,2024-09-06,2715.59,IDR,po
PH000650,ITM0002,VEN002,2025-04-13,39382.67,IDR,po
PH000651,ITM0039,VEN023,2025-02-26,13144.37,IDR,po
PH000652,ITM0040,VEN019,2025-06-16,2891.87,IDR,po
PH000653,ITM0016,VEN019,2024-01-07,55.80,IDR,po
PH000654,ITM0040,VEN019,2024-10-17,3164.80,IDR,po
PH000655,ITM0002,VEN004,2025-03-01,32231.75,IDR,po
PH000656,ITM0028,VEN015,2025-06-22,677.31,IDR,po
PH000657,ITM0013,VEN023,2024-07-10,620.63,IDR,po
PH000658,ITM0029,VEN014,2025-12-31,117.64,IDR,po
PH000659,ITM0031,VEN029,2025-10-05,615.37,IDR,po
PH000660,ITM0027,VEN014,2024-02-27,197.31,IDR,po
PH000661,ITM0006,VEN021,2024-06-19,7657.17,IDR,po
PH000662,ITM0036,VEN006,2025-04-21,1608.32,IDR,po
PH000663,ITM0025,VEN011,2025-12-17,37.43,IDR,po
PH000664,ITM0025,VEN020,2025-10-25,47.95,IDR,po
PH000665,ITM0021,VEN016,2024-09-22,13237.05,IDR,po
PH000666,ITM0011,VEN014,2024-11-30,13184.36,IDR,po
PH000667,ITM0022,VEN027,2024-04-17,53.99,IDR,po
PH000668,ITM0035,VEN011,2024-12-23,162051.16,IDR,po
PH000669,ITM0035,VEN011,2024-12-23,162051.16,IDR,po
PH000670,ITM0027,VEN011,2025-05-19,184.97,IDR,po
PH000671,ITM0027,VEN010,2024-07-09,150.38,IDR,po
PH000672,ITM0038,VEN009,2025-09-18,3081.37,IDR,po
PH000673,ITM0040,VEN019,2025-04-07,2802.23,IDR,po
PH000674,ITM0027,VEN021,2024-10-01,192.13,IDR,po
PH000675,ITM0033,VEN021,2025-08-07,925.21,IDR,po
PH000676,ITM0025,VEN001,2025-12-14,40.14,IDR,po
PH000677,ITM0036,VEN017,2025-03-29,1708.26,IDR,po
PH000678,ITM0013,VEN016,2025-01-09,643.04,IDR,po
PH000679,ITM0019,VEN028,2025-03-13,10381.59,IDR,po
PH000680,ITM0022,VEN021,2025-07-02,59.00,IDR,po
PH000681,ITM0028,VEN008,2025-02-09,767.19,IDR,po
PH000682,ITM0004,VEN025,2024-09-03,9030.64,IDR,po
PH000683,ITM0015,VEN021,2025-03-07,8.02,IDR,po
PH000684,ITM0029,VEN020,2024-08-03,113.33,IDR,po
PH000685,ITM0027,VEN008,2024-05-12,196.35,IDR,po
PH000686,ITM0012,VEN013,2025-05-30,19920.86,IDR,po
PH000687,ITM0039,VEN019,2025-11-01,18044.61,IDR,po
PH000688,ITM0016,VEN028,2025-02-19,66.51,IDR,po
PH000689,ITM0002,VEN007,2024-08-08,43748.78,IDR,po
PH000690,ITM0015,VEN012,2024-02-03,4.21,IDR,po
PH000691,ITM0024,VEN018,2025-09-12,614.97,IDR,po
PH000692,ITM0004,VEN023,2024-08-22,8426.09,IDR,po
PH000693,ITM0018,VEN005,2024-06-30,144.45,IDR,po
PH000694,ITM0009,VEN009,2024-08-21,37234.86,IDR,po
PH000695,ITM0002,VEN017,2024-08-13,42120.26,IDR,po
PH000696,ITM0033,VEN023,2025-01-30,628.88,IDR,po
PH000697,ITM0039,VEN025,2024-02-18,17341.22,IDR,po
PH000698,ITM0023,VEN007,2025-11-30,39.10,IDR,po
PH000699,ITM0014,VEN030,2024-02-21,17460.50,IDR,po
PH000700,ITM0015,VEN002,2025-02-10,7.32,IDR,po
PH000701,ITM0036,VEN017,2024-07-14,1701.58,IDR,po
PH000702,ITM0015,VEN019,2025-10-17,6.59,IDR,po
PH000703,ITM0015,VEN024,2025-12-02,8.39,IDR,po
PH000704,ITM0024,VEN002,2024-06-09,539.06,IDR,po
PH000705,ITM0017,VEN026,2024-09-30,114.73,IDR,po
PH000706,ITM0003,VEN025,2025-08-24,2830.76,IDR,po
PH000707,ITM0029,VEN027,2024-10-24,94.64,IDR,po
PH000708,ITM0004,VEN010,2025-08-11,7352.65,IDR,po
PH000709,ITM0003,VEN017,2024-10-08,2995.72,IDR,po
PH000710,ITM0019,VEN012,2025-04-05,21165.36,IDR,po
PH000711,ITM0019,VEN001,2025-11-08,8582.97,IDR,po
PH000712,ITM0019,VEN017,2024-04-12,9628.87,IDR,po
PH000713,ITM0031,VEN019,2025-03-05,339.32,IDR,po
PH000714,ITM0031,VEN018,2025-09-05,374.03,IDR,po
PH000715,ITM0019,VEN029,2025-11-20,9169.14,IDR,po
PH000716,ITM0026,VEN029,2024-09-27,131.75,IDR,po
PH000717,ITM0039,VEN010,2025-06-19,14901.68,IDR,po
PH000718,ITM0033,VEN015,2024-10-22,831.54,IDR,po
PH000719,ITM0024,VEN003,2024-06-25,639.47,IDR,po
PH000720,ITM0039,VEN021,2024-08-16,19249.07,IDR,po
PH000721,ITM0017,VEN009,2025-09-30,109.12,IDR,po
PH000722,ITM0011,VEN014,2024-03-22,13577.02,IDR,po
PH000723,ITM0023,VEN029,2025-09-01,36.10,IDR,po
PH000724,ITM0003,VEN021,2024-07-10,3239.23,IDR,po
PH000725,ITM0011,VEN014,2025-02-09,14436.64,IDR,po
PH000726,ITM0039,VEN013,2025-03-30,13121.06,IDR,po
PH000727,ITM0001,VEN016,2025-12-18,11169.31,IDR,po
PH000728,ITM0015,VEN016,2024-07-23,5.48,IDR,po
PH000729,ITM0021,VEN024,2024-04-12,19101.91,IDR,po
PH000730,ITM0008,VEN003,2025-12-18,435.00,IDR,po
PH000731,ITM0026,VEN010,2024-08-04,106.52,IDR,po
PH000732,ITM0035,VEN010,2024-08-23,142572.25,IDR,po
PH000733,ITM0006,VEN009,2025-01-26,7954.15,IDR,po
PH000734,ITM0021,VEN024,2025-09-30,17577.56,IDR,po
PH000735,ITM0018,VEN030,2025-08-12,129.85,IDR,po
PH000736,ITM0038,VEN021,2025-06-04,3315.76,IDR,po
PH000737,ITM0014,VEN028,2024-05-06,15637.48,IDR,po
PH000738,ITM0006,VEN028,2024-10-08,7406.18,IDR,po
PH000739,ITM0005,VEN011,2025-07-26,1309.52,IDR,po
PH000740,ITM0010,VEN001,2025-10-25,23934.83,IDR,po
PH000741,ITM0019,VEN016,2025-12-01,7505.68,IDR,po
PH000742,ITM0005,VEN026,2024-04-07,1381.79,IDR,po
PH000743,ITM0015,VEN008,2025-03-01,7.79,IDR,po
PH000744,ITM0008,VEN008,2025-02-04,227.54,IDR,po
PH000745,ITM0021,VEN017,2025-02-07,18348.98,IDR,po
PH000746,ITM0028,VEN009,2025-09-23,720.72,IDR,po
PH000747,ITM0006,VEN014,2024-05-09,8045.66,IDR,po
PH000748,ITM0039,VEN016,2024-10-11,12787.44,IDR,po
PH000749,ITM0037,VEN005,2025-01-23,48657.60,IDR,po
PH000750,ITM0028,VEN004,2024-12-18,549.40,IDR,po
PH000751,ITM0039,VEN008,2025-09-14,19209.47,IDR,po
PH000752,ITM0036,VEN016,2024-06-23,1265.90,IDR,po
PH000753,ITM0029,VEN027,2024-09-24,96.52,IDR,po
PH000754,ITM0012,VEN013,2024-01-29,19595.30,IDR,po
PH000755,ITM0006,VEN004,2024-03-11,5997.61,IDR,po
PH000756,ITM0018,VEN030,2024-12-01,136.45,IDR,po
PH000757,ITM0024,VEN030,2024-03-27,636.71,IDR,po
PH000758,ITM0022,VEN024,2025-12-31,56.81,IDR,po
PH000759,ITM0024,VEN010,2025-05-28,487.24,IDR,po
PH000760,ITM0010,VEN012,2024-10-11,21017.96,IDR,po
PH000761,ITM0002,VEN023,2025-01-08,28281.62,IDR,po
PH000762,ITM0028,VEN026,2024-02-23,395.67,IDR,po
PH000763,ITM0023,VEN002,2024-12-17,32.93,IDR,po
PH000764,ITM0019,VEN027,2024-07-06,8082.71,IDR,po
PH000765,ITM0032,VEN026,2025-06-13,12642.03,IDR,po
PH000766,ITM0014,VEN012,2024-03-01,13563.83,IDR,po
PH000767,ITM0018,VEN028,2025-07-20,140.54,IDR,po
PH000768,ITM0021,VEN009,2025-04-22,19502.15,IDR,po
PH000769,ITM0022,VEN012,2025-09-03,55.39,IDR,po
PH000770,ITM0037,VEN022,2024-04-04,35101.34,IDR,po
PH000771,ITM0033,VEN010,2025-08-19,717.53,IDR,po
PH000772,ITM0023,VEN019,2025-12-04,35.69,IDR,po
PH000773,ITM0005,VEN014,2025-03-24,1477.66,IDR,po
PH000774,ITM0021,VEN027,2025-04-15,16253.28,IDR,po
PH000775,ITM0014,VEN029,2025-01-01,14332.76,IDR,po
PH000776,ITM0039,VEN030,2025-01-04,20413.05,IDR,po
PH000777,ITM0018,VEN005,2024-06-10,142.80,IDR,po
PH000778,ITM0004,VEN027,2025-06-11,9332.09,IDR,po
PH000779,ITM0019,VEN004,2025-10-03,7360.70,IDR,po
PH000780,ITM0034,VEN016,2024-08-15,11469.47,IDR,po
PH000781,ITM0035,VEN006,2024-05-23,201050.42,IDR,po
PH000782,ITM0004,VEN015,2024-07-01,8742.99,IDR,po
PH000783,ITM0036,VEN002,2025-02-15,1445.66,IDR,po
PH000784,ITM0031,VEN029,2024-03-10,317.20,IDR,po
PH000785,ITM0020,VEN025,2024-11-13,25487.19,IDR,po
PH000786,ITM0007,VEN013,2024-02-20,1647.40,IDR,po
PH000787,ITM0007,VEN019,2025-11-08,1904.21,IDR,po
PH000788,ITM0023,VEN029,2024-09-27,34.52,IDR,po
PH000789,ITM0017,VEN025,2024-04-20,93.83,IDR,po
PH000790,ITM0013,VEN023,2024-06-15,644.33,IDR,po
PH000791,ITM0004,VEN005,2025-02-22,3999.98,IDR,po
PH000792,ITM0033,VEN022,2024-08-01,671.37,IDR,po
PH000793,ITM0029,VEN002,2025-01-04,93.06,IDR,po
PH000794,ITM0020,VEN015,2025-01-15,24275.47,IDR,po
PH000795,ITM0027,VEN005,2025-12-31,208.36,IDR,po
PH000796,ITM0027,VEN027,2025-05-17,164.95,IDR,po
PH000797,ITM0023,VEN001,2024-12-06,33.02,IDR,po
PH000798,ITM0006,VEN026,2025-04-25,7305.64,IDR,po
PH000799,ITM0005,VEN024,2024-08-20,1493.91,IDR,po
PH000800,ITM0040,VEN019,2025-07-02,2864.93,IDR,po
PH000801,ITM0017,VEN023,2024-06-29,73.26,IDR,po
PH000802,ITM0011,VEN014,2025-03-14,13716.39,IDR,po
PH000803,ITM0015,VEN022,2025-12-31,6.36,IDR,po
PH000804,ITM0005,VEN002,2025-10-05,1326.50,IDR,po
PH000805,ITM0001,VEN015,2024-04-10,12891.05,IDR,po
PH000806,ITM0031,VEN019,2024-02-17,340.26,IDR,po
PH000807,ITM0032,VEN028,2024-09-07,12249.59,IDR,po
PH000808,ITM0037,VEN021,2024-07-29,51271.75,IDR,po
PH000809,ITM0009,VEN001,2024-05-12,31420.30,IDR,po
PH000810,ITM0016,VEN021,2024-12-13,65.68,IDR,po
PH000811,ITM0007,VEN029,2024-02-21,1785.27,IDR,po
PH000812,ITM0023,VEN001,2025-01-07,37.83,IDR,po
PH000813,ITM0021,VEN030,2025-02-05,19509.85,IDR,po
PH000814,ITM0009,VEN026,2025-03-20,33776.07,IDR,po
PH000815,ITM0010,VEN011,2024-10-01,23098.46,IDR,po
PH000816,ITM0008,VEN029,2025-08-28,370.85,IDR,po
PH000817,ITM0020,VEN007,2024-03-05,26892.96,IDR,po
PH000818,ITM0008,VEN003,2025-08-28,420.44,IDR,po
PH000819,ITM0003,VEN025,2025-06-04,2878.53,IDR,po
PH000820,ITM0031,VEN021,2024-08-27,348.61,IDR,po
PH000821,ITM0036,VEN019,2025-12-31,1515.38,IDR,po
PH000822,ITM0011,VEN014,2025-07-08,14220.46,IDR,po
PH000823,ITM0036,VEN001,2025-03-23,1434.74,IDR,po
PH000824,ITM0032,VEN022,2024-01-12,21055.30,IDR,po
PH000825,ITM0025,VEN028,2024-11-26,48.05,IDR,po
PH000826,ITM0016,VEN028,2024-05-03,68.87,IDR,po
PH000827,ITM0004,VEN010,2024-04-21,7148.54,IDR,po
PH000828,ITM0025,VEN016,2024-08-29,32.55,IDR,po
PH000829,ITM0036,VEN029,2025-05-04,1322.94,IDR,po
PH000830,ITM0015,VEN025,2025-02-17,7.16,IDR,po
PH000831,ITM0005,VEN023,2025-07-07,970.81,IDR,po
PH000832,ITM0021,VEN015,2024-10-31,15593.64,IDR,po
PH000833,ITM0017,VEN027,2024-09-04,89.03,IDR,po
PH000834,ITM0028,VEN004,2025-10-23,513.91,IDR,po
PH000835,ITM0029,VEN018,2025-01-28,114.37,IDR,po
PH000836,ITM0030,VEN010,2025-08-22,580.91,IDR,po
PH000837,ITM0031,VEN003,2025-12-09,392.69,IDR,po
PH000838,ITM0016,VEN004,2024-11-29,49.01,IDR,po
PH000839,ITM0026,VEN009,2024-03-03,147.40,IDR,po
PH000840,ITM0013,VEN023,2024-10-25,663.11,IDR,po
PH000841,ITM0025,VEN018,2025-05-15,47.80,IDR,po
PH000842,ITM0033,VEN025,2024-08-23,757.90,IDR,po
PH000843,ITM0017,VEN004,2025-06-12,81.77,IDR,po
PH000844,ITM0015,VEN004,2025-05-03,6.35,IDR,po
PH000845,ITM0029,VEN009,2025-11-01,114.24,IDR,po
PH000846,ITM0023,VEN010,2025-03-10,28.98,IDR,po
PH000847,ITM0038,VEN004,2025-10-08,2360.75,IDR,po
PH000848,ITM0035,VEN001,2024-02-08,179000.76,IDR,po
PH000849,ITM0010,VEN022,2025-12-12,19006.77,IDR,po
PH000850,ITM0036,VEN016,2024-11-24,851.36,IDR,po
PH000851,ITM0002,VEN012,2024-02-27,91252.43,IDR,po
PH000852,ITM0035,VEN016,2024-06-12,145529.42,IDR,po
PH000853,ITM0024,VEN024,2024-12-18,607.87,IDR,po
PH000854,ITM0001,VEN028,2024-04-29,15145.67,IDR,po
PH000855,ITM0019,VEN007,2025-12-21,9314.54,IDR,po
PH000856,ITM0023,VEN019,2025-12-12,37.61,IDR,po
PH000857,ITM0003,VEN013,2025-06-21,2031.49,IDR,po
PH000858,ITM0025,VEN030,2025-11-26,47.31,IDR,po
PH000859,ITM0024,VEN014,2025-07-02,625.62,IDR,po
PH000860,ITM0024,VEN001,2024-12-07,499.29,IDR,po
PH000861,ITM0010,VEN027,2024-11-04,20792.06,IDR,po
PH000862,ITM0015,VEN011,2025-05-15,6.78,IDR,po
PH000863,ITM0002,VEN025,2024-06-27,37180.82,IDR,po
PH000864,ITM0036,VEN027,2024-07-20,1504.38,IDR,po
PH000865,ITM0020,VEN013,2024-12-06,21505.35,IDR,po
PH000866,ITM0027,VEN029,2025-12-06,345.10,IDR,po
PH000867,ITM0029,VEN018,2025-09-22,110.82,IDR,po
PH000868,ITM0002,VEN010,2025-09-05,31155.41,IDR,po
PH000869,ITM0002,VEN019,2024-04-13,35813.69,IDR,po
PH000870,ITM0038,VEN005,2025-10-16,3083.15,IDR,po
PH000871,ITM0003,VEN005,2025-12-31,3076.61,IDR,po
PH000872,ITM0015,VEN007,2024-03-26,8.51,IDR,po
PH000873,ITM0016,VEN020,2024-11-03,64.77,IDR,po
PH000874,ITM0005,VEN028,2025-08-10,1361.71,IDR,po
PH000875,ITM0003,VEN009,2024-01-24,2982.25,IDR,po
PH000876,ITM0001,VEN017,2025-11-10,15244.66,IDR,po
PH000877,ITM0022,VEN009,2025-04-16,62.71,IDR,po
PH000878,ITM0015,VEN022,2024-10-18,6.14,IDR,po
PH000879,ITM0001,VEN027,2025-04-11,13838.03,IDR,po
PH000880,ITM0026,VEN002,2024-10-28,119.96,IDR,po
PH000881,ITM0017,VEN012,2025-09-09,90.45,IDR,po
PH000882,ITM0023,VEN025,2025-05-28,37.09,IDR,po
PH000883,ITM0038,VEN005,2024-04-01,3087.48,IDR,po
PH000884,ITM0017,VEN001,2024-12-15,89.85,IDR,po
PH000885,ITM0016,VEN017,2025-05-01,69.74,IDR,po
PH000886,ITM0013,VEN027,2025-12-31,721.48,IDR,po
PH000887,ITM0026,VEN020,2024-07-22,152.76,IDR,po
PH000888,ITM0029,VEN008,2024-04-11,107.52,IDR,po
PH000889,ITM0015,VEN012,2024-11-26,6.79,IDR,po
PH000890,ITM0029,VEN025,2024-05-15,91.08,IDR,po
PH000891,ITM0010,VEN024,2024-02-18,26403.35,IDR,po
PH000892,ITM0007,VEN004,2024-04-14,1643.39,IDR,po
PH000893,ITM0039,VEN016,2025-12-01,13258.41,IDR,po
PH000894,ITM0001,VEN008,2024-07-22,16051.44,IDR,po
PH000895,ITM0004,VEN015,2025-07-15,8877.98,IDR,po
PH000896,ITM0025,VEN005,2024-09-11,46.09,IDR,po
PH000897,ITM0004,VEN001,2024-03-31,8615.49,IDR,po
PH000898,ITM0018,VEN006,2025-09-21,137.34,IDR,po
PH000899,ITM0021,VEN005,2025-04-09,17507.95,IDR,po
PH000900,ITM0014,VEN002,2025-02-15,15121.32,IDR,po
PH000901,ITM0020,VEN003,2025-03-22,27064.19,IDR,po
PH000902,ITM0027,VEN019,2025-12-25,176.95,IDR,po
PH000903,ITM0032,VEN012,2025-04-17,11459.32,IDR,po
PH000904,ITM0029,VEN021,2024-06-21,107.04,IDR,po
PH000905,ITM0002,VEN001,2024-12-11,34147.67,IDR,po
PH000906,ITM0005,VEN001,2024-06-09,1219.71,IDR,po
PH000907,ITM0018,VEN022,2025-08-06,95.83,IDR,po
PH000908,ITM0003,VEN029,2024-03-04,2590.06,IDR,po
PH000909,ITM0024,VEN030,2024-08-30,660.47,IDR,po
PH000910,ITM0025,VEN003,2024-03-06,44.29,IDR,po
PH000911,ITM0016,VEN006,2024-11-23,72.85,IDR,po
PH000912,ITM0032,VEN019,2025-04-21,10924.71,IDR,po
PH000913,ITM0002,VEN009,2024-07-25,21821.23,IDR,po
PH000914,ITM0040,VEN019,2025-09-23,2993.37,IDR,po
PH000915,ITM0026,VEN011,2024-05-08,133.96,IDR,po
PH000916,ITM0017,VEN013,2025-12-31,76.08,IDR,po
PH000917,ITM0017,VEN005,2024-07-20,106.03,IDR,po
PH000918,ITM0016,VEN006,2025-06-02,116.12,IDR,po
PH000919,ITM0010,VEN023,2025-03-26,13337.39,IDR,po
PH000920,ITM0001,VEN011,2024-05-12,13278.36,IDR,po
PH000921,ITM0007,VEN021,2025-09-22,2075.70,IDR,po
PH000922,ITM0004,VEN020,2024-10-21,10528.91,IDR,po
PH000923,ITM0018,VEN008,2024-12-08,136.63,IDR,po
PH000924,ITM0040,VEN019,2025-09-16,2797.87,IDR,po
PH000925,ITM0029,VEN019,2025-04-08,100.70,IDR,po
PH000926,ITM0023,VEN012,2025-09-23,34.20,IDR,po
PH000927,ITM0015,VEN030,2024-08-26,8.52,IDR,po
PH000928,ITM0005,VEN029,2024-12-13,1149.78,IDR,po
PH000929,ITM0006,VEN001,2025-10-16,6415.13,IDR,po
PH000930,ITM0036,VEN028,2024-03-29,851.36,IDR,po
PH000931,ITM0008,VEN005,2024-12-31,440.47,IDR,po
PH000932,ITM0021,VEN028,2024-06-24,18692.92,IDR,po
PH000933,ITM0024,VEN019,2025-01-10,545.90,IDR,po
PH000934,ITM0019,VEN009,2024-02-12,10168.49,IDR,po
PH000935,ITM0039,VEN023,2024-12-22,13617.94,IDR,po
PH000936,ITM0024,VEN020,2024-01-29,619.42,IDR,po
PH000937,ITM0002,VEN028,2025-01-23,43732.31,IDR,po
PH000938,ITM0002,VEN001,2025-06-23,34733.71,IDR,po
PH000939,ITM0006,VEN004,2025-07-12,5713.04,IDR,po
PH000940,ITM0019,VEN022,2024-12-08,7565.40,IDR,po
PH000941,ITM0010,,2024-01-01,24249.80,IDR,catalog
PH000942,ITM0023,,2024-01-01,38.07,IDR,catalog
PH000943,ITM0024,,2024-01-01,576.95,IDR,catalog
PH000944,ITM0033,,2024-01-01,848.06,IDR,catalog
PH000945,ITM0037,,2024-01-01,45249.06,IDR,catalog
PH000946,ITM0034,,2024-01-01,20853.59,IDR,catalog
PH000947,ITM0013,,2024-01-01,812.26,IDR,catalog
PH000948,ITM0011,,2024-01-01,13011.43,IDR,catalog
PH000949,ITM0014,,2024-01-01,15389.77,IDR,catalog
PH000950,ITM0001,,2024-01-01,14904.34,IDR,catalog
PH000951,ITM0016,,2024-01-01,64.51,IDR,catalog
PH000952,ITM0018,,2024-01-01,127.32,IDR,catalog
PH000953,ITM0004,,2024-01-01,9999.96,IDR,catalog
PH000954,ITM0009,,2024-01-01,33470.28,IDR,catalog
PH000955,ITM0028,,2024-01-01,719.40,IDR,catalog
PH000956,ITM0005,,2024-01-01,1336.29,IDR,catalog
PH000957,ITM0036,,2024-01-01,1547.93,IDR,catalog
PH000958,ITM0015,,2024-01-01,7.66,IDR,catalog
PH000959,ITM0031,,2024-01-01,341.87,IDR,catalog
PH000960,ITM0032,,2024-01-01,11697.39,IDR,catalog
PH000961,ITM0039,,2024-01-01,18133.99,IDR,catalog
PH000962,ITM0002,,2024-01-01,39674.97,IDR,catalog
PH000963,ITM0020,,2024-01-01,26808.28,IDR,catalog
PH000964,ITM0030,,2024-01-01,252.57,IDR,catalog
PH000965,ITM0006,,2024-01-01,7069.47,IDR,catalog
PH000966,ITM0021,,2024-01-01,17153.57,IDR,catalog
PH000967,ITM0029,,2024-01-01,103.62,IDR,catalog
PH000968,ITM0025,,2024-01-01,43.96,IDR,catalog
PH000969,ITM0035,,2024-01-01,188348.67,IDR,catalog
PH000970,ITM0017,,2024-01-01,101.51,IDR,catalog
PH000971,ITM0012,,2024-01-01,24134.97,IDR,catalog
PH000972,ITM0008,,2024-01-01,413.70,IDR,catalog
PH000973,ITM0038,,2024-01-01,2942.95,IDR,catalog
PH000974,ITM0027,,2024-01-01,191.72,IDR,catalog
PH000975,ITM0040,,2024-01-01,3168.95,IDR,catalog
PH000976,ITM0026,,2024-01-01,137.79,IDR,catalog
PH000977,ITM0022,,2024-01-01,56.14,IDR,catalog
PH000978,ITM0007,,2024-01-01,1964.60,IDR,catalog
PH000979,ITM0003,,2024-01-01,2900.34,IDR,catalog
PH000980,ITM0019,,2024-01-01,9202.33,IDR,catalog
